event_id,stock_code,company_name,cb_code,short_name,issue_date,entry_offset,entry_date,fin_quarter,standalone_gross_margin_pct,standalone_operating_margin_pct,standalone_net_margin_pct,revenue_yoy_pct,revenue_mom_pct,trust_bucket,trust_net_20d_pct_capital,hit_100_365d,fixed_return_365d
3483|34834|2024-05-22,3483,力致科技股份有限公司,34834,力致四,2024-05-22,60,2024-08-19,2024Q2,21.38,5.25,10.35,5.0,8.1,non_trust_led,-0.848924,False,-23.57
8112|811210|2024-05-24,8112,至上電子股份有限公司,811210,至上十,2024-05-24,60,2024-08-21,2024Q2,3.4,2.61,1.28,70.46,-20.55,trust_led,2.297465,False,-38.01
3583|35831|2024-06-07,3583,辛耘企業股份有限公司,35831,辛耘一,2024-06-07,60,2024-09-04,2024Q2,27.89,10.98,9.55,34.71,-11.46,non_trust_led,-3.691116,False,0.08
3583|35832|2024-06-19,3583,辛耘企業股份有限公司,35832,辛耘二,2024-06-19,40,2024-08-16,2024Q2,27.89,10.98,9.55,34.71,-11.46,trust_led,0.984713,False,-21.1
3583|35832|2024-06-19,3583,辛耘企業股份有限公司,35832,辛耘二,2024-06-19,60,2024-09-13,2024Q2,27.89,10.98,9.55,57.16,16.74,non_trust_led,-3.541729,False,-7.63
3312|33121|2024-06-25,3312,弘憶國際股份有限公司,33121,弘憶股一,2024-06-25,40,2024-08-22,2024Q2,5.57,2.69,2.51,22.41,10.78,non_trust_led,0.038739,False,-50.58
3312|33121|2024-06-25,3312,弘憶國際股份有限公司,33121,弘憶股一,2024-06-25,60,2024-09-20,2024Q2,5.57,2.69,2.51,20.26,4.02,non_trust_led,-0.03136,False,-38.31
2486|24866|2024-07-01,2486,一詮精密工業股份有限公司,24866,一詮六,2024-07-01,40,2024-08-28,2024Q2,14.42,0.47,2.61,12.26,5.23,non_trust_led,0.038746,False,-16.88
2486|24866|2024-07-01,2486,一詮精密工業股份有限公司,24866,一詮六,2024-07-01,60,2024-09-26,2024Q2,14.42,0.47,2.61,12.44,2.37,non_trust_led,-0.91008,False,-20.4
6509|65096|2024-07-03,6509,聚和國際股份有限公司,65096,聚和六,2024-07-03,40,2024-08-30,2024Q2,33.37,17.99,14.85,6.99,-7.27,non_trust_led,-0.031702,False,-11.31
6509|65096|2024-07-03,6509,聚和國際股份有限公司,65096,聚和六,2024-07-03,60,2024-09-30,2024Q2,33.37,17.99,14.85,-5.19,0.1,non_trust_led,-0.005764,False,-9.98
6624|66241|2024-07-05,6624,萬年清環境工程股份有限公司,66241,萬年清一,2024-07-05,40,2024-09-03,2024Q2,8.85,-3.92,-2.31,-27.12,-43.07,non_trust_led,0.0,False,-7.9
6624|66241|2024-07-05,6624,萬年清環境工程股份有限公司,66241,萬年清一,2024-07-05,60,2024-10-04,2024Q2,8.85,-3.92,-2.31,-3.55,18.43,non_trust_led,0.0,False,-12.66
2439|24394|2024-07-10,2439,美律實業股份有限公司,24394,美律四,2024-07-10,40,2024-09-06,2024Q2,13.14,3.96,5.58,58.93,16.6,trust_led,0.923662,False,-18.52
2439|24394|2024-07-10,2439,美律實業股份有限公司,24394,美律四,2024-07-10,60,2024-10-09,2024Q2,13.14,3.96,5.58,74.33,18.28,trust_led,0.367003,False,-2.4
8478|84781|2024-07-15,8478,東哥企業股份有限公司,84781,東哥遊艇一,2024-07-15,20,2024-08-14,2024Q2,48.85,32.89,30.5,-93.18,-95.57,non_trust_led,0.112503,False,-32.03
8478|84781|2024-07-15,8478,東哥企業股份有限公司,84781,東哥遊艇一,2024-07-15,40,2024-09-11,2024Q2,48.85,32.89,30.5,20.27,921.5,non_trust_led,-0.300384,False,-19.42
8478|84781|2024-07-15,8478,東哥企業股份有限公司,84781,東哥遊艇一,2024-07-15,60,2024-10-15,2024Q2,48.85,32.89,30.5,-37.94,128.02,non_trust_led,0.0045,False,-28.1
2439|24395|2024-07-22,2439,美律實業股份有限公司,24395,美律五,2024-07-22,20,2024-08-21,2024Q2,13.14,3.96,5.58,58.93,16.6,trust_led,0.649663,False,-9.08
2439|24395|2024-07-22,2439,美律實業股份有限公司,24395,美律五,2024-07-22,40,2024-09-19,2024Q2,13.14,3.96,5.58,74.33,18.28,trust_led,0.726711,False,-15.19
2439|24395|2024-07-22,2439,美律實業股份有限公司,24395,美律五,2024-07-22,60,2024-10-22,2024Q2,13.14,3.96,5.58,1.02,1.0,non_trust_led,-0.790082,False,-2.83
9933|99332|2024-07-23,9933,中鼎工程股份有限公司,99332,中鼎二,2024-07-23,20,2024-08-22,2024Q2,5.3,3.53,2.85,12.67,-4.33,non_trust_led,0.106657,False,-28.0
9933|99332|2024-07-23,9933,中鼎工程股份有限公司,99332,中鼎二,2024-07-23,40,2024-09-20,2024Q2,5.3,3.53,2.85,9.09,6.38,trust_led,0.73577,False,-23.75
9933|99332|2024-07-23,9933,中鼎工程股份有限公司,99332,中鼎二,2024-07-23,60,2024-10-23,2024Q2,5.3,3.53,2.85,-14.31,-8.49,non_trust_led,-0.134783,False,-21.42
3324|33245|2024-07-31,3324,雙鴻科技股份有限公司,33245,雙鴻五,2024-07-31,20,2024-08-28,2024Q2,28.39,16.04,14.8,27.63,-19.12,non_trust_led,-4.395536,False,10.53
3324|33245|2024-07-31,3324,雙鴻科技股份有限公司,33245,雙鴻五,2024-07-31,40,2024-09-26,2024Q2,28.39,16.04,14.8,20.13,4.14,trust_led,0.745165,False,16.93
3324|33245|2024-07-31,3324,雙鴻科技股份有限公司,33245,雙鴻五,2024-07-31,60,2024-10-29,2024Q2,28.39,16.04,14.8,15.3,-0.06,trust_led,0.414819,False,56.36
3605|36053|2024-08-06,3605,宏致電子股份有限公司,36053,宏致三,2024-08-06,20,2024-09-03,2024Q2,23.24,2.76,2.73,23.31,9.56,non_trust_led,0.0,False,36.31
3605|36053|2024-08-06,3605,宏致電子股份有限公司,36053,宏致三,2024-08-06,40,2024-10-04,2024Q2,23.24,2.76,2.73,15.1,0.14,non_trust_led,0.0,False,37.32
3605|36053|2024-08-06,3605,宏致電子股份有限公司,36053,宏致三,2024-08-06,60,2024-11-05,2024Q2,23.24,2.76,2.73,27.8,4.95,non_trust_led,0.0,False,33.05
1402|140201|2024-08-08,1402,遠東新世紀股份有限公司,140201,遠東新E1永,2024-08-08,20,2024-09-05,2024Q2,20.29,7.2,8.19,5.47,-3.78,non_trust_led,0.162455,False,-19.11
1402|140201|2024-08-08,1402,遠東新世紀股份有限公司,140201,遠東新E1永,2024-08-08,40,2024-10-08,2024Q2,20.29,7.2,8.19,6.0,4.45,trust_led,0.259674,False,-22.7
1402|140201|2024-08-08,1402,遠東新世紀股份有限公司,140201,遠東新E1永,2024-08-08,60,2024-11-07,2024Q2,20.29,7.2,8.19,-2.41,-0.96,non_trust_led,-0.001887,False,-23.72
1402|140202|2024-08-08,1402,遠東新世紀股份有限公司,140202,遠東新E2永,2024-08-08,20,2024-09-05,2024Q2,20.29,7.2,8.19,5.47,-3.78,non_trust_led,0.162455,False,-19.11
1402|140202|2024-08-08,1402,遠東新世紀股份有限公司,140202,遠東新E2永,2024-08-08,40,2024-10-08,2024Q2,20.29,7.2,8.19,6.0,4.45,trust_led,0.259674,False,-22.7
1402|140202|2024-08-08,1402,遠東新世紀股份有限公司,140202,遠東新E2永,2024-08-08,60,2024-11-07,2024Q2,20.29,7.2,8.19,-2.41,-0.96,non_trust_led,-0.001887,False,-23.72
6830|68301|2024-08-15,6830,汎銓科技股份有限公司,68301,汎銓一,2024-08-15,20,2024-09-12,2024Q2,31.48,14.04,8.0,4.48,-5.67,non_trust_led,0.158183,False,24.33
6830|68301|2024-08-15,6830,汎銓科技股份有限公司,68301,汎銓一,2024-08-15,40,2024-10-16,2024Q2,31.48,14.04,8.0,0.89,-2.56,trust_led,1.59252,False,-24.58
8927|89277|2024-08-16,8927,北基國際股份有限公司,89277,北基七,2024-08-16,20,2024-09-13,2024Q2,26.52,18.95,14.57,37.94,-15.0,non_trust_led,0.000306,False,-22.77
8927|89277|2024-08-16,8927,北基國際股份有限公司,89277,北基七,2024-08-16,40,2024-10-17,2024Q2,26.52,18.95,14.57,10.46,-18.69,non_trust_led,0.0,False,-51.95
6432|64324|2024-08-16,6432,今展科技股份有限公司,64324,今展科四,2024-08-16,20,2024-09-13,2024Q2,29.06,5.84,7.22,-16.22,-5.44,non_trust_led,0.0,False,-16.5
6432|64324|2024-08-16,6432,今展科技股份有限公司,64324,今展科四,2024-08-16,40,2024-10-17,2024Q2,29.06,5.84,7.22,-25.89,-10.5,non_trust_led,0.0,False,-1.09
8927|89278|2024-08-21,8927,北基國際股份有限公司,89278,北基八,2024-08-21,20,2024-09-19,2024Q2,26.52,18.95,14.57,37.94,-15.0,non_trust_led,0.000306,False,-30.0
8927|89278|2024-08-21,8927,北基國際股份有限公司,89278,北基八,2024-08-21,40,2024-10-22,2024Q2,26.52,18.95,14.57,10.46,-18.69,non_trust_led,0.000306,False,-49.92
3376|33763|2024-08-23,3376,新日興股份有限公司,33763,新日興三,2024-08-23,20,2024-09-23,2024Q2,18.64,10.13,11.79,25.18,4.28,non_trust_led,-1.647418,False,16.43
3376|33763|2024-08-23,3376,新日興股份有限公司,33763,新日興三,2024-08-23,40,2024-10-24,2024Q2,18.64,10.13,11.79,29.18,-3.02,non_trust_led,-2.011736,False,17.87
1436|14363|2024-08-27,1436,華友聯開發股份有限公司,14363,華友聯三,2024-08-27,60,2024-11-26,2024Q3,51.6,44.27,36.11,-36.76,-64.3,non_trust_led,-1.04706,False,-29.6
3491|34912|2024-08-28,3491,昇達科技股份有限公司,34912,昇達科二,2024-08-28,20,2024-09-26,2024Q2,55.44,30.56,30.2,80.39,-10.36,trust_led,2.631441,False,33.79
3491|34912|2024-08-28,3491,昇達科技股份有限公司,34912,昇達科二,2024-08-28,40,2024-10-29,2024Q2,55.44,30.56,30.2,76.78,6.2,non_trust_led,-3.904257,False,44.25
2228|22283|2024-08-29,2228,劍麟股份有限公司,22283,劍麟三,2024-08-29,60,2024-11-28,2024Q3,26.55,11.7,10.01,-2.87,-7.93,non_trust_led,0.0,False,13.65
6680|66801|2024-09-02,6680,鑫創電子股份有限公司,66801,鑫創電子一,2024-09-02,20,2024-10-01,2024Q2,34.61,11.22,11.46,33.89,75.17,non_trust_led,0.0,False,-21.54
6680|66801|2024-09-02,6680,鑫創電子股份有限公司,66801,鑫創電子一,2024-09-02,40,2024-11-04,2024Q2,34.61,11.22,11.46,11.15,4.17,non_trust_led,0.0,False,-17.5
3564|35642|2024-09-03,3564,其陽科技股份有限公司,35642,其陽二,2024-09-03,60,2024-12-03,2024Q3,26.55,6.6,3.77,14.26,-1.43,non_trust_led,0.0,False,-36.98
3033|30337|2024-09-11,3033,威健實業股份有限公司,30337,威健七,2024-09-11,20,2024-10-15,2024Q2,6.34,3.42,1.6,33.86,21.66,trust_led,0.200434,False,-13.14
3033|30337|2024-09-11,3033,威健實業股份有限公司,30337,威健七,2024-09-11,40,2024-11-13,2024Q2,6.34,3.42,1.6,35.96,-19.72,trust_led,0.545703,False,-4.45
2464|24642|2024-09-16,2464,盟立自動化股份有限公司,24642,盟立二,2024-09-16,40,2024-11-18,2024Q3,20.29,2.77,0.98,20.42,-4.18,non_trust_led,-0.000511,False,-17.69
2464|24642|2024-09-16,2464,盟立自動化股份有限公司,24642,盟立二,2024-09-16,60,2024-12-16,2024Q3,20.29,2.77,0.98,-4.27,-13.15,non_trust_led,-0.000511,False,-23.7
1781|17813|2024-09-24,1781,合世生醫科技股份有限公司,17813,合世三,2024-09-24,40,2024-11-25,2024Q3,24.07,8.73,6.11,79.51,-20.09,non_trust_led,0.0,False,-37.67
1781|17813|2024-09-24,1781,合世生醫科技股份有限公司,17813,合世三,2024-09-24,60,2024-12-23,2024Q3,24.07,8.73,6.11,78.77,-21.01,non_trust_led,0.0,False,-34.87
5244|52441|2024-09-25,5244,弘凱光電股份有限公司,52441,弘凱一,2024-09-25,40,2024-11-26,2024Q3,48.53,21.14,18.65,-5.3,-9.78,non_trust_led,0.0,False,1.45
5244|52441|2024-09-25,5244,弘凱光電股份有限公司,52441,弘凱一,2024-09-25,60,2024-12-24,2024Q3,48.53,21.14,18.65,-14.42,4.38,non_trust_led,0.0,False,-22.28
6182|61828|2024-09-27,6182,合晶科技股份有限公司,61828,合晶八,2024-09-27,20,2024-10-30,2024Q2,25.45,5.24,4.42,-9.85,2.25,non_trust_led,0.000185,False,9.43
2548|25483|2024-10-02,2548,華固建設股份有限公司,25483,華固三,2024-10-02,40,2024-12-03,2024Q3,35.97,30.54,24.24,-98.99,-96.82,trust_led,0.452291,False,-4.54
2548|25483|2024-10-02,2548,華固建設股份有限公司,25483,華固三,2024-10-02,60,2024-12-31,2024Q3,35.97,30.54,24.24,-99.4,158.66,non_trust_led,-10.415345,False,13.34
6197|61973|2024-10-15,6197,佳必琪國際股份有限公司,61973,佳必琪三,2024-10-15,20,2024-11-13,2024Q2,35.44,19.57,19.46,13.48,-6.25,non_trust_led,-0.349754,False,-4.55
5212|52121|2024-10-15,5212,凌網科技股份有限公司,52121,凌網一,2024-10-15,40,2024-12-11,2024Q3,57.94,20.73,17.85,9.6,-3.98,non_trust_led,0.0,False,-3.58
5212|52121|2024-10-15,5212,凌網科技股份有限公司,52121,凌網一,2024-10-15,60,2025-01-09,2024Q3,57.94,20.73,17.85,9.6,-3.98,non_trust_led,0.0,False,-5.65
2548|25484|2024-10-18,2548,華固建設股份有限公司,25484,華固四,2024-10-18,20,2024-11-18,2024Q3,35.97,30.54,24.24,-98.99,-96.82,trust_led,0.489862,False,-10.17
2548|25484|2024-10-18,2548,華固建設股份有限公司,25484,華固四,2024-10-18,40,2024-12-16,2024Q3,35.97,30.54,24.24,-99.4,158.66,non_trust_led,-1.313162,False,-2.26
2548|25484|2024-10-18,2548,華固建設股份有限公司,25484,華固四,2024-10-18,60,2025-01-14,2024Q3,35.97,30.54,24.24,-98.68,-89.64,non_trust_led,-8.301313,False,17.12
6706|67062|2024-10-25,6706,惠特科技股份有限公司,67062,惠特二,2024-10-25,20,2024-11-25,2024Q3,14.78,-44.86,-47.03,8.46,29.09,non_trust_led,-0.982645,False,-50.12
6706|67062|2024-10-25,6706,惠特科技股份有限公司,67062,惠特二,2024-10-25,40,2024-12-23,2024Q3,14.78,-44.86,-47.03,62.99,10.41,non_trust_led,-0.04621,False,-5.43
6706|67062|2024-10-25,6706,惠特科技股份有限公司,67062,惠特二,2024-10-25,60,2025-01-21,2024Q3,14.78,-44.86,-47.03,57.73,12.09,trust_led,0.839942,False,12.62
6874|68741|2024-11-04,6874,倍力資訊股份有限公司,68741,倍力一,2024-11-04,20,2024-12-02,2024Q3,17.71,7.76,5.68,-12.56,-36.45,non_trust_led,0.0,False,-16.83
6874|68741|2024-11-04,6874,倍力資訊股份有限公司,68741,倍力一,2024-11-04,40,2024-12-30,2024Q3,17.71,7.76,5.68,51.42,41.57,non_trust_led,0.0,False,-24.23
6874|68741|2024-11-04,6874,倍力資訊股份有限公司,68741,倍力一,2024-11-04,60,2025-02-06,2024Q3,17.71,7.76,5.68,-57.57,-23.91,non_trust_led,0.0,False,-31.3
8374|83742|2024-11-15,8374,羅昇企業股份有限公司,83742,羅昇二,2024-11-15,20,2024-12-13,2024Q3,23.71,4.88,3.36,66.33,0.02,non_trust_led,0.0,False,-40.97
8374|83742|2024-11-15,8374,羅昇企業股份有限公司,83742,羅昇二,2024-11-15,40,2025-01-13,2024Q3,23.71,4.88,3.36,70.71,-5.7,non_trust_led,0.0,False,-29.19
8374|83742|2024-11-15,8374,羅昇企業股份有限公司,83742,羅昇二,2024-11-15,60,2025-02-19,2024Q3,23.71,4.88,3.36,36.02,-3.03,trust_led,0.212917,False,-31.71
3313|33133|2024-11-29,3313,斐成開發科技股份有限公司,33133,斐成三,2024-11-29,20,2024-12-27,2024Q3,1.57,-123.72,-232.57,-64.21,39.26,non_trust_led,0.0,False,-2.58
3313|33133|2024-11-29,3313,斐成開發科技股份有限公司,33133,斐成三,2024-11-29,40,2025-02-05,2024Q3,1.57,-123.72,-232.57,-93.64,-95.47,non_trust_led,0.0,False,-11.56
3313|33133|2024-11-29,3313,斐成開發科技股份有限公司,33133,斐成三,2024-11-29,60,2025-03-06,2024Q3,1.57,-123.72,-232.57,-98.39,12.74,non_trust_led,0.0,False,-16.05
6645|66451|2024-12-04,6645,金萬林企業股份有限公司,66451,金萬林一創,2024-12-04,20,2025-01-02,2024Q3,15.87,-26.17,-28.63,3.21,7.63,trust_unknown,,False,-24.26
6645|66451|2024-12-04,6645,金萬林企業股份有限公司,66451,金萬林一創,2024-12-04,40,2025-02-10,2024Q3,15.87,-26.17,-28.63,11.21,-45.22,trust_unknown,,False,-26.47
6645|66451|2024-12-04,6645,金萬林企業股份有限公司,66451,金萬林一創,2024-12-04,60,2025-03-11,2024Q3,15.87,-26.17,-28.63,6.1,-3.65,trust_unknown,,False,-36.62
8489|84891|2024-12-09,8489,三貝德數位文創股份有限公司,84891,三貝德一,2024-12-09,20,2025-01-07,2024Q3,47.62,2.89,1.76,-3.2,1.98,non_trust_led,0.0,False,16.28
8489|84891|2024-12-09,8489,三貝德數位文創股份有限公司,84891,三貝德一,2024-12-09,40,2025-02-13,2024Q3,47.62,2.89,1.76,-14.03,-4.38,non_trust_led,0.0,False,10.12
8489|84891|2024-12-09,8489,三貝德數位文創股份有限公司,84891,三貝德一,2024-12-09,60,2025-03-14,2024Q3,47.62,2.89,1.76,-5.16,-7.1,non_trust_led,0.0,False,-13.79
1101|11011|2024-12-10,1101,臺灣水泥股份有限公司,11011,台泥一永,2024-12-10,20,2025-01-08,2024Q3,24.27,15.26,11.25,87.8,1.42,non_trust_led,0.099435,False,-22.47
1101|11011|2024-12-10,1101,臺灣水泥股份有限公司,11011,台泥一永,2024-12-10,40,2025-02-14,2024Q3,24.27,15.26,11.25,68.74,-26.17,trust_led,0.24386,False,-18.83
1101|11011|2024-12-10,1101,臺灣水泥股份有限公司,11011,台泥一永,2024-12-10,60,2025-03-17,2024Q3,24.27,15.26,11.25,90.12,-25.3,trust_led,0.285591,False,-24.56
5608|56087|2024-12-17,5608,四維航業股份有限公司,56087,四維航七,2024-12-17,20,2025-01-15,2024Q3,14.34,6.02,5.37,16.88,-1.65,non_trust_led,0.0,False,12.54
5608|56087|2024-12-17,5608,四維航業股份有限公司,56087,四維航七,2024-12-17,40,2025-02-21,2024Q3,14.34,6.02,5.37,12.94,-4.83,non_trust_led,0.0,False,-5.08
5608|56087|2024-12-17,5608,四維航業股份有限公司,56087,四維航七,2024-12-17,60,2025-03-24,2024Q3,14.34,6.02,5.37,-8.63,-20.53,non_trust_led,0.045984,False,-16.33
2442|24424|2024-12-25,2442,新美齊股份有限公司,24424,新美齊四,2024-12-25,60,2025-04-01,2024Q4,30.88,19.4,14.11,-78.11,-92.9,non_trust_led,0.0,False,-14.52
2528|25283|2024-12-31,2528,皇普建設股份有限公司,25283,皇普三,2024-12-31,60,2025-04-09,2024Q4,41.39,37.14,30.38,1269290.47,-30.93,non_trust_led,0.0,False,-11.12
