stock_code,company_name,cb_code,short_name,issue_date,signal_date,entry_date,trust_daily_pct_capital,ma5,ma10,ma20,signal_volume,avg_volume_prev20,volume_ratio_signal_v20,fin_month,revenue_yoy,revenue_mom,revenue_high_6,fin_quarter,eps,operating_income,gross_margin,operating_margin,three_margin_qoq_rise,fixed_return_365d,hit_100_365d,min_low_return_365d,max_high_return_365d
1513,中興電工機械股份有限公司,15131,中興電一,2020-01-16,2020-09-04,2020-09-07,0.352143,33.412,29.8503,27.7818,72957901.0,12592511.2,5.7938,2020-07,-0.0611,0.057143717776555615,False,,,,,,,2.2881,False,-13.3401,39.8013
6416,瑞祺電通股份有限公司,64161,瑞祺電通一,2020-02-10,2020-03-13,2020-03-16,0.529135,104.0984,99.926,99.3149,6971019.0,3670206.75,1.8994,2020-02,0.47590000000000005,-0.23487634099488783,False,,,,,,,9.2859,False,-13.4454,47.479
4967,十銓科技股份有限公司,49671,十銓一,2020-02-17,2020-02-24,2020-02-25,0.219756,47.0748,45.078,43.5407,7108899.0,4928028.65,1.4425,2020-01,-0.2515,-0.27050049888849964,False,,,,,,,32.3603,False,-43.2234,52.9162
3483,力致科技股份有限公司,34832,力致二,2020-02-20,2020-04-08,2020-04-09,0.592698,32.4644,29.7346,27.2084,9674573.0,3496194.75,2.7672,2020-02,-0.258,-0.5058163302014212,False,,,,,,,152.1103,True,-9.0909,172.7108
6441,廣錠科技股份有限公司,64411,廣錠一,2020-03-05,2020-04-28,2020-04-29,1.137756,59.3787,58.9669,57.1306,3713130.0,2045832.1,1.815,2020-03,1.0932,0.011939915265117474,False,,,,,,,59.5673,True,-4.6917,152.5326
2228,劍麟股份有限公司,22282,劍麟二,2020-03-09,2020-06-03,2020-06-04,0.291633,67.5262,66.3819,66.0154,2692724.0,483925.25,5.5643,2020-04,-0.5058,-0.4628978201257513,False,,,,,,,-27.5702,False,-32.5086,1.9417
2492,華新科技股份有限公司,24921,華新科一,2020-04-29,2020-11-03,2020-11-04,0.256072,142.2412,140.5813,138.6447,35483429.0,4512610.1,7.8632,2020-09,0.5029,0.04530333217837454,True,,,,,,,-10.863,False,-21.8991,59.726
6274,台燿科技股份有限公司,62743,台燿三,2020-05-22,2020-06-17,2020-06-18,0.206562,112.9311,111.6807,109.4728,4237000.0,3096050.0,1.3685,2020-05,0.1558,-0.06457144870108798,False,,,,,,,-21.4482,False,-39.8477,1.3605
9958,世紀鋼鐵結構股份有限公司,99584,世紀鋼四,2020-08-11,2020-08-18,2020-08-19,0.282188,89.6794,88.1344,84.6158,29579518.0,11023076.9,2.6834,2020-07,3.2469,0.20651808828924728,True,,,,,,,4.7593,False,-9.1451,38.5679
9802,鈺齊國際股份有限公司,98025,鈺齊五KY,2020-08-17,2020-08-17,2020-08-18,0.48868,92.0558,88.6457,87.0985,6111964.0,2275661.1,2.6858,,,,,,,,,,,-27.3162,False,-29.9362,17.8999
1598,岱宇國際股份有限公司,15982,岱宇二,2020-08-24,2020-10-28,2020-10-29,0.211988,97.4378,96.1876,95.2026,3087399.0,4434945.1,0.6962,2020-09,1.8167,0.2663427961993059,True,,,,,,,-45.5278,False,-51.3281,26.5625
4760,勤凱科技股份有限公司,47601,勤凱一,2020-08-25,2021-01-07,2021-01-08,0.428357,72.3605,71.1958,70.4794,2116800.0,1778542.5,1.1902,2020-11,0.8748999999999999,0.043297315549552594,True,,,,,,,-6.0914,False,-6.0914,65.2667
3092,鴻碩精密電工股份有限公司,30921,鴻碩一,2020-09-21,2021-01-12,2021-01-13,0.326605,54.7355,53.562,51.3799,4953730.0,4862721.65,1.0187,2020-12,-0.1718,-0.036325193513552755,False,,,,,,,-11.6661,False,-14.5156,36.9458
3260,威剛科技股份有限公司,32607,威剛七,2020-09-28,2020-10-07,2020-10-08,0.437008,42.5118,41.8378,41.6561,6700631.0,2876514.15,2.3294,2020-08,0.1482,-0.012572561265878615,False,,,,,,,37.2238,True,-8.0944,122.597
4967,十銓科技股份有限公司,49672,十銓二,2020-10-07,2020-12-09,2020-12-10,0.249057,45.9783,43.4387,40.5666,3419105.0,2744407.7,1.2458,2020-10,-0.0085,-0.29253623161424763,False,,,,,,,16.2521,True,-7.5641,102.0513
5263,智崴資訊科技股份有限公司,52633,智崴三,2020-10-12,2021-03-08,2021-03-09,0.224226,111.9671,110.0635,103.8648,1024000.0,279450.0,3.6643,2021-01,-0.4987,-0.15357934290394065,False,,,,,,,-8.9494,False,-21.7899,32.6848
5309,系統電子工業股份有限公司,53094,系統電四,2020-10-20,2020-11-03,2020-11-04,1.73597,37.202,36.215,36.0171,56055000.0,5935750.0,9.4436,2020-09,0.5203,0.03211463664278403,True,,,,,,,-14.8272,False,-46.7113,23.7458
6441,廣錠科技股份有限公司,64413,廣錠三,2020-10-26,2021-02-22,2021-02-23,0.285145,122.6601,120.5729,119.396,3229009.0,1098966.05,2.9382,2021-01,-0.2614,-0.12087723970023205,False,,,,,,,-65.8783,False,-75.7566,1.6447
3653,健策精密工業股份有限公司,36533,健策三,2020-10-30,2020-12-08,2020-12-09,0.312331,235.119,234.4879,231.5215,2917534.0,2533086.45,1.1518,2020-10,-0.0313,-0.12097182267527878,False,,,,,,,50.2857,False,-30.5842,61.4958
6477,安集科技股份有限公司,64772,安集二,2020-10-30,2020-12-24,2020-12-25,0.431944,58.6943,56.888,56.5795,85273763.0,10311634.5,8.2697,2020-11,0.2853,-0.3312295329447012,False,,,,,,,-31.8492,False,-57.9376,3.951
3324,雙鴻科技股份有限公司,33244,雙鴻四,2020-11-12,2020-11-12,2020-11-13,2.743789,212.8329,204.7212,199.1307,27110000.0,2990050.0,9.0667,2020-10,0.2458,-0.04372855132798321,False,,,,,,,-32.7496,False,-48.8636,0.5682
3413,京鼎精密科技股份有限公司,34132,京鼎二,2020-11-16,2020-12-03,2020-12-04,0.25155,159.7381,158.7422,153.8389,7042601.0,2740138.0,2.5702,2020-10,0.2184,-0.0070640423914053955,False,,,,,,,10.4276,False,-16.2101,28.5388
3141,晶宏半導體股份有限公司,31411,晶宏一,2020-11-25,2020-12-09,2020-12-10,0.278484,36.5319,36.1416,34.6057,6174000.0,2852050.0,2.1648,2020-10,0.5261,-0.04892376390002818,False,,,,,,,518.4456,True,-12.9545,550.3949
2636,台驊國際投資控股股份有限公司,26364,台驊投控四,2020-12-02,2021-04-22,2021-04-23,0.41602,41.6022,38.8884,37.2055,19870449.0,3576708.85,5.5555,2021-03,0.7483,0.0028746088348737355,False,,,,,,,94.4338,True,-8.9231,393.8462
2034,允強實業股份有限公司,20343,允強三,2020-12-15,2021-05-07,2021-05-10,0.456156,23.6515,23.427,23.0588,24672084.0,13098335.5,1.8836,2021-03,0.048799999999999996,0.5162149075163209,True,,,,,,,-6.1547,False,-23.1884,37.1015
6196,帆宣系統科技股份有限公司,61964,帆宣四,2020-12-15,2021-12-09,2021-12-10,0.378166,132.8044,130.0447,129.1744,18899846.0,8700828.95,2.1722,2021-10,0.496,0.08874517810957724,True,,,,,,,-21.4291,False,-39.5608,18.9024
1513,中興電工機械股份有限公司,15132,中興電二,2020-12-17,2021-03-11,2021-03-12,0.454074,42.2984,42.0627,41.0345,22817777.0,16066847.5,1.4202,2021-02,0.1189,-0.3530183535141789,False,,,,,,,-12.5546,False,-25.0331,6.7765
6224,聚鼎科技股份有限公司,62241,聚鼎一,2021-01-18,2021-02-22,2021-02-23,0.249994,103.3696,93.3708,91.1014,6080675.0,2321785.4,2.619,2021-01,0.5908,0.13578257780463107,True,,,,,,,-13.7497,False,-26.6477,48.7619
6706,惠特科技股份有限公司,67061,惠特一,2021-02-03,2021-03-16,2021-03-17,0.900594,139.3437,136.3871,136.2586,3747581.0,1774493.75,2.1119,2021-02,0.2974,0.05440295432212255,True,,,,,,,9.0722,False,-25.3602,52.7011
3484,崧騰企業股份有限公司,34842,崧騰二,2021-02-05,2021-12-21,2021-12-22,0.216529,64.2241,63.8268,63.7335,4997931.0,1996076.15,2.5039,2021-11,0.0722,0.014456713471175579,False,,,,,,,-45.1999,False,-49.8826,13.4752
5457,宣德科技股份有限公司,54572,宣德二,2021-03-10,2021-06-25,2021-06-28,0.474152,64.4123,62.2635,60.9604,8549000.0,1436250.0,5.9523,2021-05,0.1585,0.024255491397703784,False,,,,,,,-30.2886,False,-37.0592,20.1465
2610,中華航空股份有限公司,26107,華航七,2021-04-28,2021-11-16,2021-11-17,0.369785,20.9262,18.7368,16.3281,1141479961.0,225927768.8,5.0524,2021-10,0.5482,0.14558718369929322,True,,,,,,,-34.7681,False,-40.424,16.1818
2603,長榮海運股份有限公司,26034,長榮四,2021-05-18,2021-06-18,2021-06-21,0.204712,114.9955,106.5854,94.4551,59223407.0,241206059.75,0.2455,2021-05,1.4534,0.24116408683011278,True,,,,,,,-19.3261,False,-37.2944,67.6259
8097,常珵科技股份有限公司,80972,常珵二,2021-06-21,2022-06-02,2022-06-06,1.631987,71.1145,64.0121,56.2716,10167226.0,1762709.05,5.768,2022-04,6.016900000000001,1.6367573449401522,True,,,,,,,-32.7918,False,-51.2161,3.956
3707,漢磊先進投資控股股份有限公司,37073,漢磊三,2021-06-22,2021-07-14,2021-07-15,0.213974,88.6721,83.6574,82.1977,49927842.0,24285268.6,2.0559,2021-06,0.2663,0.059330220717538004,True,,,,,,,-6.4969,False,-19.2839,73.5
6175,立敦科技(股)有限公司,61754,立敦四,2021-07-15,2021-07-20,2021-07-21,0.285267,39.754,39.6438,36.0237,2901000.0,7290650.0,0.3979,2021-06,0.25429999999999997,0.08450970295460986,True,,,,,,,-33.4709,False,-42.9189,14.3954
6548,長華科技股份有限公司,65481,長科一,2021-07-19,2021-07-22,2021-07-23,0.277373,32.1402,31.7497,28.9765,12737500.0,16237750.0,0.7844,2021-06,0.35840000000000005,0.07729092283907127,True,,,,,,,-18.1468,False,-30.6929,13.7931
3042,台灣晶技股份有限公司,30425,晶技五,2021-07-26,2022-03-24,2022-03-25,0.207582,77.7157,76.0688,74.8735,4913335.0,3170666.45,1.5496,2022-02,-0.0271,-0.16852663714575122,False,,,,,,,-7.5657,False,-26.7443,0.4808
6182,合晶科技股份有限公司,61827,合晶七,2021-07-27,2021-07-27,2021-07-28,0.216677,61.4654,59.9399,58.0196,102838424.0,48021158.85,2.1415,2021-06,0.34340000000000004,-0.01342559186441658,False,,,,,,,-30.4439,False,-37.8346,28.7918
2338,台灣光罩股份有限公司,23383,光罩三,2021-08-03,2021-11-09,2021-11-10,0.267892,84.628,80.3837,76.2455,30308629.0,11930020.45,2.5405,2021-09,0.4165,0.03447680345845087,True,,,,,,,-27.2667,False,-44.9541,25.6713
6477,安集科技股份有限公司,64773,安集三,2021-08-04,2021-10-14,2021-10-15,0.923229,32.6613,32.034,31.1665,29781972.0,4648316.0,6.407,2021-09,-0.6177,0.2599669433496195,True,,,,,,,4.9067,False,-7.7658,60.3345
3533,嘉澤端子工業股份有限公司,35331,嘉澤一,2021-08-19,2021-09-09,2021-09-10,0.432943,488.1886,483.4428,471.4079,2190209.0,429951.65,5.0941,2021-07,0.32130000000000003,0.08881238472312102,False,,,,,,,29.8657,False,-13.1757,43.5811
6217,中國探針股份有限公司,62174,中探針四,2021-08-27,2021-09-09,2021-09-10,0.358689,40.4658,39.2284,37.0885,6736420.0,6070506.2,1.1097,2021-07,0.2482,0.13150421282237715,True,,,,,,,12.2,False,-9.0526,49.7527
2618,長榮航空股份有限公司,26185,長榮航五,2021-09-01,2021-11-16,2021-11-17,0.227008,21.9621,20.1387,17.7581,690524356.0,151099589.05,4.57,2021-10,0.5718,0.21762195455539085,True,,,,,,,-6.1733,False,-17.7434,33.3333
3483,力致科技股份有限公司,34833,力致三,2021-09-29,2021-11-18,2021-11-19,0.987463,61.4034,59.4171,57.9469,6409296.0,1007299.3,6.3629,2021-10,0.4385,-0.09809445165159211,False,,,,,,,-40.5525,False,-52.1547,19.337
4739,康普材料科技股份有限公司,47393,康普三,2021-10-28,2022-02-09,2022-02-10,0.285903,124.5122,122.135,121.978,6198070.0,3969530.8,1.5614,2021-12,0.3789,-0.007401372755117714,False,,,,,,,-27.8234,False,-42.3995,15.8075
6414,樺漢科技股份有限公司,64144,樺漢四,2021-11-16,2021-11-29,2021-11-30,0.407411,181.7584,179.4649,179.3011,4633915.0,1699943.8,2.7259,2021-10,0.0556,-0.12393934293767116,False,,,,,,,-10.6803,False,-22.3872,15.8372
2731,雄獅旅行社股份有限公司,27312,雄獅二,2021-12-09,2022-05-09,2022-05-10,0.464893,81.2175,79.6756,79.4777,4985644.0,2275970.2,2.1906,2022-03,-0.1259,-0.10792261520434274,False,,,,,,,79.2484,False,-26.7327,93.3466
8299,群聯電子股份有限公司,82991,群聯一,2021-12-17,2022-02-10,2022-02-11,0.248638,391.1859,386.6881,386.0155,11070000.0,2995650.0,3.6954,2022-01,0.3344,0.08529806847470567,False,,,,,,,-23.8967,False,-48.1092,9.1091
3526,凡甲科技股份有限公司,35265,凡甲五,2022-02-14,2022-03-21,2022-03-22,0.213647,140.3678,139.1993,137.6291,1892000.0,1043700.0,1.8128,2022-02,0.2968,-0.2640292081248911,False,,,,,,,-21.6367,False,-42.0438,5.5556
3346,麗清科技股份有限公司,33464,麗清四,2022-02-17,2022-08-11,2022-08-12,0.436682,28.6784,28.3247,27.9554,3989699.0,314908.35,12.6694,2022-07,0.35719999999999996,0.15578422373594117,False,,,,,,,34.3787,False,-21.0613,61.8173
6187,萬潤科技股份有限公司,61874,萬潤四,2022-02-22,2022-02-22,2022-02-23,0.201623,118.0052,116.6653,113.0697,920000.0,1525750.0,0.603,2022-01,-0.051500000000000004,0.319466491966303,False,,,,,,,-42.8069,False,-56.8642,18.5606
6282,康舒科技股份有限公司,62821,康舒一,2022-02-23,2023-02-02,2023-02-03,1.147463,31.6048,29.3204,28.5459,57492597.0,9987970.65,5.7562,2022-12,-0.11460000000000001,-0.13636190761257996,False,,,,,,,13.8024,False,-8.094,63.7543
3707,漢磊科技股份有限公司,37074,漢磊四,2022-04-07,2022-05-25,2022-05-26,0.338105,117.3758,115.111,111.5414,8792000.0,9402000.0,0.9351,2022-04,0.2977,0.004366062917063871,True,,,,,,,-37.1503,False,-40.0887,10.5691
2383,台光電子材料股份有限公司,23835,台光電五,2022-04-25,2022-05-24,2022-05-25,0.295868,202.0704,198.1003,197.4089,1980042.0,2105840.45,0.9403,2022-04,0.0407,-0.1078096844688111,False,,,,,,,-3.771,False,-39.621,8.2222
3548,兆利科技工業股份有限公司,35481,兆利一,2022-04-28,2023-05-12,2023-05-15,0.209576,64.2441,62.9949,62.5399,4663750.0,881448.75,5.291,2023-04,0.5694,0.06078052632702281,True,,,,,,,182.8083,True,-13.2732,304.6852
5388,中磊電子股份有限公司,53886,中磊六,2022-05-17,2022-07-14,2022-07-15,0.305084,73.7882,69.9897,69.8264,23351640.0,7298254.9,3.1996,2022-06,0.5857,0.24350100686712722,True,,,,,,,35.7602,False,-18.674,40.9818
3033,威健實業股份有限公司,30336,威健六,2022-06-01,2023-06-08,2023-06-09,0.274824,26.3201,25.7149,25.2376,7723104.0,2208845.65,3.4964,2023-04,-0.0617,-0.24209200660685426,False,,,,,,,25.8182,False,-12.0095,34.8639
6570,維田科技股份有限公司,65701,維田一,2022-06-06,2023-05-16,2023-05-17,0.223203,57.8174,56.4521,55.1893,744000.0,2001650.0,0.3717,2023-04,0.25780000000000003,0.12677035681610246,False,,,,,,,-15.3355,False,-22.6014,15.466
6285,啟碁科技股份有限公司,62853,啟碁三,2022-06-27,2022-08-10,2022-08-11,0.320508,68.5119,65.9639,63.905,18422283.0,5931077.15,3.1061,2022-07,0.4355,0.007721645727926067,True,,,,,,,48.6329,False,-7.4341,55.5025
3680,家登精密工業股份有限公司,36803,家登三,2022-07-07,2022-07-22,2022-07-25,0.23782,191.9366,180.5118,180.0777,1542662.0,1168412.65,1.3203,2022-06,0.8774,0.1870146678170837,False,,,,,,,76.6894,True,-5.7143,114.0285
2497,怡利電子工業股份有限公司,24972,怡利電二,2022-07-07,2022-08-24,2022-08-25,0.583341,71.1048,69.2921,67.3591,19324632.0,4010491.7,4.8185,2022-07,0.2487,-0.1913969981187489,False,,,,,,,-23.3294,False,-25.8385,15.9006
8938,明安國際企業股份有限公司,89383,明安三,2022-07-20,2022-08-30,2022-08-31,0.218753,75.9055,74.7888,72.2722,3867000.0,1210150.0,3.1955,2022-07,0.1161,0.04847090803232725,False,,,,,,,-19.6699,False,-25.7106,15.534
6477,安集科技股份有限公司,64774,安集四,2022-07-21,2022-07-28,2022-07-29,0.423442,49.8335,48.8331,48.6687,6478955.0,10166160.35,0.6373,2022-06,-0.1418,-0.3392254327635106,False,,,,,,,-13.9935,False,-27.5676,9.7297
4968,立積電子股份有限公司,49681,立積一,2022-07-29,2022-11-11,2022-11-14,0.253196,101.7189,99.5399,94.9698,6359858.0,3733550.75,1.7034,2022-10,0.049699999999999994,-0.009474176476723335,False,,,,,,,23.8532,False,-1.3761,82.1101
5009,榮剛材料科技股份有限公司,50096,榮剛六,2022-08-15,2022-09-26,2022-09-27,0.306961,23.756,23.5794,23.2919,28455000.0,5904650.0,4.8191,2022-08,0.305,0.0047228745251285216,True,,,,,,,59.4644,True,-7.6142,115.2063
6104,創惟科技股份有限公司,61041,創惟一,2022-08-26,2023-02-09,2023-02-10,0.41427,104.4019,98.5293,92.2813,9192000.0,7530350.0,1.2207,2022-12,-0.4594,0.13081836371231942,False,,,,,,,-7.4642,False,-21.0875,18.2402
2231,為升電裝工業股份有限公司,22313,為升三,2022-08-29,2022-09-23,2022-09-26,0.260834,138.879,138.4347,136.112,1361752.0,1177780.85,1.1562,2022-08,0.022799999999999997,0.048474917817560075,False,,,,,,,-3.9261,False,-17.6608,23.5088
6472,保瑞藥業股份有限公司,64722,保瑞二,2022-09-28,2022-11-08,2022-11-09,0.398666,191.5272,181.3513,178.8765,12443930.0,8394471.1,1.4824,2022-09,3.0864999999999996,2.845392606353968,True,,,,,,,159.8316,True,-1.8547,221.4358
6248,沛波鋼鐵股份有限公司,62484,沛波四,2022-10-26,2023-04-13,2023-04-14,0.294837,25.8117,23.8227,22.6841,9439000.0,1779050.0,5.3056,2023-03,0.7798999999999999,0.2138669576304433,True,,,,,,,3.2452,False,-26.5059,3.6871
8050,廣積科技股份有限公司,80506,廣積六,2022-11-22,2022-12-05,2022-12-06,0.252965,63.771,63.2389,62.3942,10294000.0,6269700.0,1.6419,2022-10,0.051,-0.10746999285490667,False,,,,,,,13.2466,False,-10.2792,50.9507
8422,可寧衛股份有限公司,84221,可寧衛一,2022-11-22,2023-06-16,2023-06-19,0.36735,17.1337,17.06,16.9454,7102090.0,2637856.5,2.6924,2023-05,0.23670000000000002,0.39057709611340086,True,,,,,,,-4.4502,False,-14.1798,3.0879
3533,嘉澤端子工業股份有限公司,35332,嘉澤二,2023-03-09,2023-08-18,2023-08-21,0.301401,720.6771,707.211,701.1359,2252484.0,1465808.45,1.5367,2023-07,-0.0802,0.052003996845887225,False,,,,,,,95.6798,True,-0.7624,124.2694
2727,王品餐飲股份有限公司,27271,王品一,2023-03-29,2023-05-04,2023-05-05,0.248091,251.1754,248.2538,243.6741,3036175.0,4864811.9,0.6241,2023-03,0.2007,-0.12649442789145623,False,,,,,,,-15.7665,False,-25.8677,14.7239
6438,迅得機械股份有限公司,64382,迅得二,2023-05-05,2024-03-27,2024-03-28,0.439682,111.8949,109.2724,107.8001,2295313.0,2813322.25,0.8159,2024-02,-0.2892,-0.1289687094461961,False,,,,,,,59.3635,True,-19.6116,107.9586
2421,建準電機工業股份有限公司,24213,建準三,2023-05-24,2023-05-26,2023-05-29,1.612005,67.8188,63.5934,58.6357,73967882.0,18666416.5,3.9626,2023-04,0.2469,-0.08987348975769317,False,,,,,,,35.9431,False,-4.8975,82.6188
4129,聯合骨科器材股份有限公司,41294,聯合四,2023-05-30,2023-06-02,2023-06-05,0.94712,59.488,57.4089,55.872,6755000.0,2634350.0,2.5642,2023-04,0.2445,-0.2118030700707866,False,,,,,,,34.1998,False,-14.1729,52.0286
6282,康舒科技股份有限公司,62822,康舒二,2023-06-13,2023-11-21,2023-11-22,0.717853,38.159,37.8005,37.7254,23586015.0,8113209.75,2.9071,2023-10,0.1804,-0.35228962593863516,False,,,,,,,-15.7031,False,-30.4348,10.7488
3617,碩天科技股份有限公司,36172,碩天二,2023-06-16,2023-08-11,2023-08-14,0.219674,199.2115,197.4581,194.3574,3277559.0,1820774.05,1.8001,2023-07,0.0832,0.1903716741745901,True,,,,,,,23.2941,False,-19.7389,39.9086
3587,閎康科技股份有限公司,35871,閎康一,2023-06-20,2023-07-17,2023-07-18,0.447738,220.7095,215.679,207.077,1042000.0,1263858.1,0.8245,2023-06,0.2826,0.025447874595113367,True,,,,,,,17.0522,False,-20.0803,31.7269
5608,四維航業股份有限公司,56086,四維航六,2023-06-21,2024-05-14,2024-05-15,0.796359,20.85,20.27,19.5075,32289569.0,6713876.1,4.8094,2024-04,-0.10830000000000001,-0.02395572823627486,False,,,,,,,-24.6187,False,-40.5229,9.1503
5434,崇越科技股份有限公司,54342,崇越二,2023-06-29,2024-04-18,2024-04-19,0.360891,234.6485,230.8698,216.6305,3852593.0,2278728.45,1.6907,2024-03,-0.0235,0.10532597316583343,False,,,,,,,-4.9813,False,-18.2999,30.601
9958,世紀鋼鐵結構股份有限公司,99585,世紀鋼五,2023-07-19,2023-12-05,2023-12-06,0.410936,163.8235,162.8105,159.7955,11191969.0,5945808.75,1.8823,2023-10,0.4191,0.038877292141687274,False,,,,,,,0.3046,True,-8.7432,104.0984
5009,榮剛材料科技股份有限公司,50097,榮剛七,2023-07-31,2023-12-01,2023-12-04,0.219416,41.1397,40.7971,39.9558,12282000.0,6283200.0,1.9547,2023-10,0.0275,0.07250324084379788,False,,,,,,,1.2183,False,-8.8265,18.3551
6472,保瑞藥業股份有限公司,64723,保瑞三,2023-08-04,2024-01-17,2024-01-18,0.28594,536.1696,530.8482,524.4383,10750091.0,1495502.55,7.1883,2023-12,-0.434,-0.15646824283781816,False,,,,,,,14.7646,False,-11.5607,40.8959
8255,朋程科技股份有限公司,82551,朋程一,2023-08-09,2023-12-29,2024-01-02,0.323685,170.5307,168.6328,166.0869,1282000.0,1067400.0,1.201,2023-11,0.4524,0.15241599322835148,True,,,,,,,-8.8577,False,-20.0794,24.8663
6414,樺漢科技股份有限公司,64145,樺漢五,2023-08-16,2023-09-08,2023-09-11,0.715788,240.3865,236.3771,234.9516,2145024.0,1572343.85,1.3642,2023-07,0.0548,-0.09124801215343774,False,,,,,,,5.3486,False,-11.2116,35.2622
1514,亞力電機股份有限公司,15141,亞力一,2023-08-17,2023-11-24,2023-11-27,0.332439,52.5867,52.344,50.8203,45167432.0,3665310.9,12.3229,2023-10,0.17190000000000003,0.2075978358069725,True,,,,,,,90.0042,True,-1.2903,196.7742
3088,艾訊股份有限公司,30882,艾訊二,2023-08-28,2024-09-04,2024-09-05,0.231257,86.1487,84.9873,83.0121,787000.0,315650.0,2.4933,2024-07,-0.0171,0.1705541034333947,True,2024Q2,3.08,372126.0,0.37635764014187434,0.12285939640335346,False,-2.6413,False,-9.7595,71.0383
6873,泓德能源科技股份有限公司,68731,泓德能源一創,2023-09-28,2024-10-01,2024-10-04,0.245,233.3631,231.4874,217.6748,3058345.0,1933037.35,1.5821,2024-08,1.2782,-0.7506678669618744,False,2024Q2,1.56,251426.0,0.2599174650181937,0.11663354505189052,False,-47.6329,False,-48.4985,2.3149
3680,家登精密工業股份有限公司,36804,家登四,2023-10-18,2023-11-23,2023-11-24,0.405938,360.214,356.0497,347.8157,3976000.0,1633900.0,2.4334,2023-10,1.0703,0.0044404287523553574,True,,,,,,,33.1973,False,-8.9457,59.9944
6585,鼎基先進材料股份有限公司,65851,鼎基一,2023-10-26,2023-12-29,2024-01-02,0.288838,115.6107,114.2798,112.594,2543418.0,995462.05,2.555,2023-11,0.2072,-0.0681915713759461,False,,,,,,,9.0474,False,-11.7647,74.6323
3006,晶豪科技股份有限公司,30061,晶豪科一,2023-10-27,2023-11-14,2023-11-15,0.244621,89.4382,89.1666,88.1435,20921969.0,10002775.7,2.0916,2023-10,0.1677,0.05091691345244622,True,,,,,,,-30.3716,False,-31.2055,12.9534
6189,豐藝電子股份有限公司,61894,豐藝四,2023-11-10,2024-07-01,2024-07-02,0.941951,67.1161,66.686,65.722,18717850.0,4963142.2,3.7714,2024-05,0.2959,-0.12102475709580635,False,2024Q1,2.27,509262.0,0.07742122525405146,0.04483521893597814,,-19.22,False,-44.0833,12.9353
3013,晟銘電子科技股份有限公司,30133,晟銘電三,2023-11-16,2024-05-31,2024-06-03,0.400643,89.3185,88.2121,83.0952,39301854.0,40838888.7,0.9624,2024-04,0.7998000000000001,0.40203370103982156,True,2024Q1,0.39,63704.0,0.1422991916609842,0.04365784541158813,,2.4873,False,-18.1608,89.2734
9941,裕融企業股份有限公司,99412,裕融二,2023-11-20,2024-06-19,2024-06-20,0.265402,139.914,136.1149,132.5122,3137425.0,2127376.9,1.4748,2024-05,-0.0213,0.00700453400736142,False,2024Q1,2.27,1768131.0,0.5209642062281896,0.17006660865465253,,-35.6167,False,-41.9913,0.6116
6806,森崴能源股份有限公司,68061,森崴能源一,2023-11-22,2024-02-16,2024-02-19,0.425168,107.8634,107.5724,105.7537,12454799.0,2555756.65,4.8732,2024-01,0.6999,,,,,,,,,-1.9456,False,-11.6665,60.6694
4566,時碩工業股份有限公司,45663,時碩工業三,2023-11-27,2024-06-04,2024-06-05,0.661238,67.2895,60.6202,55.2959,22776010.0,3627648.5,6.2785,2024-04,0.1934,0.17217308068324086,False,2024Q1,1.47,61130.0,0.23074312024029855,0.05796026881883552,,-24.7826,False,-36.8153,46.4968
2368,金像電子股份有限公司,23682,金像電二,2023-12-05,2024-01-30,2024-01-31,0.250488,212.5423,207.2478,202.9073,21332993.0,7083392.95,3.0117,2023-12,-0.0109,-0.14671485131744705,False,,,,,,,-2.3863,False,-25.1482,22.1505
8996,高力熱處理工業股份有限公司,89964,高力四,2023-12-06,2023-12-07,2023-12-08,0.284167,246.5529,245.4881,236.7517,12729733.0,5673421.1,2.2437,2023-10,0.0377,-0.12980204036141452,False,,,,,,,31.4869,True,-20.8333,105.8557
5388,中磊電子股份有限公司,53887,中磊七,2023-12-06,2023-12-14,2023-12-15,0.257346,118.3135,115.7866,113.0792,21633021.0,3478481.05,6.2191,2023-11,-0.0248,0.10151052723142412,False,,,,,,,-18.0009,False,-31.5454,7.0671
3548,兆利科技工業股份有限公司,35482,兆利二,2024-01-08,2024-01-17,2024-01-18,0.276889,201.4138,189.8512,187.9629,5528850.0,9409227.05,0.5876,2023-12,0.20489999999999997,-0.18926923926052452,False,,,,,,,-25.5567,False,-38.4321,36.902
8210,勤誠興業股份有限公司,82101,勤誠一,2024-01-19,2024-04-19,2024-04-22,0.379785,251.3948,250.9158,249.5985,10112603.0,4364208.0,2.3172,2024-03,0.5440999999999999,0.7869868371139004,False,,,,,,,-18.5319,False,-30.4359,27.0567
3479,安勤科技股份有限公司,34793,安勤三,2024-01-22,2024-03-26,2024-03-27,0.536147,107.0768,104.944,102.9417,0.0,1833250.0,0.0,2024-02,-0.17420000000000002,-0.014559535259787785,False,,,,,,,-3.6179,False,-31.8735,3.125
8299,群聯電子股份有限公司,82992,群聯二,2024-01-23,2024-02-22,2024-02-23,0.30571,524.1411,510.7182,498.6376,6133000.0,1941250.0,3.1593,2024-01,0.767,-0.018491940580779936,False,,,,,,,-8.9871,False,-33.2068,28.268
6139,亞翔工程股份有限公司,61394,亞翔四,2024-01-25,2024-03-21,2024-03-22,1.023318,166.8237,163.9042,161.3324,19790761.0,9477403.65,2.0882,2024-02,0.7382,-0.2329971843213801,False,,,,,,,37.5943,False,-2.7919,85.7868
6274,台燿科技股份有限公司,62744,台燿四,2024-05-06,2024-09-03,2024-09-04,0.354691,162.4904,157.2884,153.8835,17897000.0,7084500.0,2.5262,2024-07,0.6516,0.10207494258294132,True,2024Q2,4.21,1430557.0,0.23422870163048304,0.1411070121620422,True,91.9868,True,-30.9524,132.5694
3483,力致科技股份有限公司,34834,力致四,2024-05-22,2024-08-27,2024-08-28,0.2882,142.1041,139.5319,132.5543,2068850.0,2380787.5,0.869,2024-07,0.05,0.0810004320059846,True,2024Q2,4.33,158983.0,0.19962112734284823,0.038845809139661465,True,-26.1364,False,-48.0682,3.9773
8112,至上電子股份有限公司,811210,至上十,2024-05-24,2024-06-07,2024-06-11,0.78599,70.891,70.6013,70.5842,15578045.0,14691009.6,1.0604,2024-04,0.7081000000000001,-0.1552190856474804,False,2024Q1,0.91,1282515.0,0.032308484298829446,0.02297495680176434,,-36.3646,False,-48.7587,3.8392
6515,穎崴科技股份有限公司,65151,穎崴一,2024-05-31,2024-06-13,2024-06-14,0.209893,886.9997,870.8036,861.9782,1673787.0,741324.9,2.2578,2024-05,-0.0885,-0.24240773062023754,False,2024Q1,5.81,222232.0,0.43351275489759367,0.2070977133069544,,15.8011,False,-29.508,53.7273
6546,正基科技股份有限公司,65461,正基一,2024-06-05,2024-06-05,2024-06-06,1.660956,138.6631,138.0275,134.7811,10559000.0,2256050.0,4.6803,2024-04,0.177,0.013814000703963108,True,2024Q1,0.98,37354.0,0.2043530346062213,0.0718275707574834,,-46.7206,False,-55.1833,46.0117
3583,辛耘企業股份有限公司,35831,辛耘一,2024-06-07,2024-07-01,2024-07-02,0.72204,349.3449,346.5694,339.4224,11850966.0,3173021.25,3.7349,2024-05,0.4105,0.009536568737811743,True,2024Q1,2.61,206176.0,0.27155945563271155,0.09185774737871985,,-10.0381,False,-48.5388,33.418
1560,中國砂輪企業股份有限公司,15601,中砂一,2024-06-24,2024-06-27,2024-06-28,0.431203,305.2903,297.5652,288.4466,6902358.0,5097140.05,1.3542,2024-05,0.1235,0.13065997682869998,True,2024Q1,1.77,261347.0,0.3236265796042824,0.16383563464390807,,-3.1441,False,-49.5064,21.7967
6187,萬潤科技股份有限公司,61875,萬潤五,2024-07-10,2024-08-13,2024-08-14,0.306631,271.5333,264.0232,261.019,7288000.0,4407634.2,1.6535,2024-07,4.7145,0.08826063633933862,True,2024Q1,2.07,182731.0,0.5169479806514242,0.2526861498380705,,19.9488,False,-34.9515,79.9353
2439,美律實業股份有限公司,24394,美律四,2024-07-10,2024-08-19,2024-08-20,0.449065,119.5418,113.9056,113.8147,6211275.0,3713504.15,1.6726,2024-07,0.5893,0.16595132403964602,True,2024Q2,3.94,588384.0,0.1288399878805104,0.031552715757749636,True,-13.9212,False,-32.953,1.6964
3324,雙鴻科技股份有限公司,33245,雙鴻五,2024-07-31,2024-09-26,2024-09-27,0.786407,636.2461,618.5077,594.0442,11802000.0,4239500.0,2.7838,2024-08,0.20129999999999998,0.04136727976427118,False,2024Q2,11.64,1015984.0,0.26726238010708797,0.13665898754809874,True,16.4401,False,-44.3662,35.7278
6269,台郡科技股份有限公司,62695,台郡五,2024-08-02,2025-07-25,2025-07-28,0.284962,64.58,64.19,62.335,16607479.0,6491916.0,2.5582,2025-06,-0.1462,-0.03249296623177069,False,2025Q1,-1.76,-841099.0,0.005264433196928246,-0.16265325267248837,False,,,-28.1296,35.1988
1536,和大工業股份有限公司,15364,和大四,2024-08-12,2025-08-05,2025-08-06,0.333074,57.6,57.19,55.88,7478610.0,2132954.95,3.5062,2025-06,-0.5246,0.00441542500596679,False,2025Q1,-0.37,-75062.0,0.06925561256072779,-0.060818540977283994,False,,,-24.1857,25.57
6830,汎銓科技股份有限公司,68301,汎銓一,2024-08-15,2024-10-11,2024-10-14,0.825118,182.1518,180.6669,173.1184,8836603.0,4157485.3,2.1255,2024-09,0.0089,-0.025563293732077018,False,2024Q2,0.67,89427.0,0.2856752480029487,0.09471774372922717,True,-20.7864,False,-51.9024,13.4146
3376,新日興股份有限公司,33763,新日興三,2024-08-23,2024-11-20,2024-11-21,0.535824,180.7583,176.6191,175.2557,6016549.0,3254062.3,1.8489,2024-10,0.2336,-0.04148422718388089,False,2024Q3,5.63,1046301.0,0.19132387928251765,0.10424107231810882,False,-3.0561,False,-13.8298,60.9043
3491,昇達科技股份有限公司,34912,昇達科二,2024-08-28,2024-08-28,2024-08-29,0.527559,323.7576,323.1684,307.0149,2530000.0,2433100.0,1.0398,2024-07,0.5702,0.0509617634670286,True,2024Q2,4.03,274634.0,0.5135971328126878,0.253943214748705,True,19.4869,False,-18.3704,47.2593
3033,威健實業股份有限公司,30337,威健七,2024-09-11,2024-12-02,2024-12-03,0.276589,32.9582,32.7088,32.6923,5140390.0,2120248.3,2.4244,2024-10,0.35960000000000003,-0.1971989119538244,False,2024Q3,2.0,1876682.0,0.058200568679356,0.028875747744328873,False,-10.6619,False,-21.9274,4.4693
2383,台光電子材料股份有限公司,23836,台光電六,2024-09-25,2024-11-21,2024-11-22,0.33044,439.3361,434.4009,428.0838,13505389.0,4497329.85,3.003,2024-10,0.3378,-0.020665542755613314,False,2024Q3,20.14,8626457.0,0.27695013445816197,0.18829047223634254,False,178.2362,True,-14.6751,223.9009
6182,合晶科技股份有限公司,61828,合晶八,2024-09-27,2024-11-07,2024-11-08,0.253546,30.31,30.145,30.13,4440000.0,1680150.0,2.6426,2024-09,-0.09849999999999999,0.022543869425138294,True,2024Q2,0.01,106358.0,0.23881128878559305,0.025049919427053573,True,-8.8748,False,-49.7623,18.225
6197,佳必琪國際股份有限公司,61973,佳必琪三,2024-10-15,2025-05-15,2025-05-16,0.230166,128.8315,125.8801,119.2511,1783403.0,1442228.75,1.2366,2025-04,0.4324,0.19917765600694146,True,2025Q1,1.63,298974.0,0.3324631470740286,0.17868342492402306,False,60.3948,False,-6.7728,90.1247
3013,晟銘電子科技股份有限公司,30134,晟銘電四,2024-10-18,2024-10-18,2024-10-21,0.718095,147.0853,136.7279,132.0943,70221480.0,32321126.5,2.1726,2024-09,0.2267,0.0320091790476738,False,2024Q2,1.36,299493.0,0.1507083337946884,0.0736920584186225,True,-20.1088,False,-52.7329,9.3168
9958,世紀鋼鐵結構股份有限公司,99587,世紀鋼七,2024-10-28,2025-06-05,2025-06-06,0.365906,185.5113,178.7601,177.4148,19280347.0,4739678.25,4.0679,2025-04,0.3097,0.04629054894443396,False,2025Q1,1.41,816307.0,0.24694473095658745,0.20840958527792813,True,-40.8293,False,-50.854,18.4211
6584,南俊國際股份有限公司,65841,南俊國際一,2024-10-29,2025-06-09,2025-06-10,0.753542,144.8252,135.3823,135.3326,4963005.0,847807.2,5.8539,2025-04,0.2036,0.005655300621300327,True,2025Q1,1.0,72006.0,0.3018036593666173,0.14414461304400047,True,267.5564,True,-0.304,422.8963
6442,光紅建聖股份有限公司,64421,光聖一,2024-11-11,2024-11-25,2024-11-26,0.289593,503.0174,500.7613,497.0338,4893817.0,4100397.0,1.1935,2024-10,1.5419,0.04668917691559725,False,2024Q3,8.52,842396.0,0.5656522946917364,0.21547884158597683,False,152.9385,True,-44.717,161.5942
3702,大聯大控股股份有限公司,37022,大聯大二,2024-11-11,2025-03-03,2025-03-04,0.374734,67.0781,66.8678,66.6432,10832561.0,3050039.6,3.5516,2025-01,0.0321,-0.21241614235592757,False,2024Q3,3.11,10831945.0,0.03539222848252447,0.016691602725615113,False,5.248,False,-22.3547,11.4754
4979,華星光通科技股份有限公司,49793,華星光三,2024-12-09,2025-01-07,2025-01-08,0.26839,194.0552,184.9296,178.9609,21796000.0,24449600.0,0.8915,2024-11,-0.0604,0.11292348963960136,True,2024Q3,2.71,346745.0,0.18760073626688717,0.1443007358091133,False,55.8008,False,-39.25,69.4145
8096,擎亞電子股份有限公司,80962,擎亞二,2026-07-02,2026-07-08,2026-07-09,0.220968,160.4,155.45,149.175,14701716.0,7139078.55,2.0593,2026-05,1.545,-0.08620610510766497,False,2025Q4,0.89,451548.0,0.03624078089418229,0.01301455717308328,True,,,-15.6342,4.4248
