event_id,stock_code,company_name,cb_code,short_name,issue_date,signal_date,signal_session_offset,signal_calendar_days_after_issue,ma5,ma10,ma20,trust_net_buy_shares,outstanding_shares,share_count_effective_date,trust_daily_pct_capital,entry_date,entry_price,entry_price_basis,mature_365d,hit_100_365d,days_to_100_365d,max_high_return_365d,max_high_date_365d,min_low_return_365d,fixed_return_365d,current_return_pct
1513|15131|2020-01-16,1513,中興電工機械股份有限公司,15131,中興電一,2020-01-16,2020-09-04,153,232,33.412,29.8503,27.7818,1479000.0,420000000.0,2019-12-31,0.352143,2020-09-07,38.314295466462845,next_session_open,True,False,,39.8013,2020-12-10,-13.3401,2.2881,
6416|64161|2020-02-10,6416,瑞祺電通股份有限公司,64161,瑞祺電通一,2020-02-10,2020-03-13,23,32,104.0984,99.926,99.3149,360000.0,68035600.0,2019-12-31,0.529135,2020-03-16,100.30533793934605,next_session_open,True,False,,47.479,2020-07-13,-13.4454,9.2859,
4967|49671|2020-02-17,4967,十銓科技股份有限公司,49671,十銓一,2020-02-17,2020-02-24,5,7,47.0748,45.078,43.5407,150000.0,68257500.0,2019-12-31,0.219756,2020-02-25,48.241104733465235,next_session_open,True,False,,52.9162,2021-02-24,-43.2234,32.3603,
3483|34832|2020-02-20,3483,力致科技股份有限公司,34832,力致二,2020-02-20,2020-04-08,31,48,32.4644,29.7346,27.2084,338000.0,57027400.0,2019-12-31,0.592698,2020-04-09,36.54930369934472,next_session_open,True,True,315,172.7108,2021-04-08,-9.0909,152.1103,
6441|64411|2020-03-05,6441,廣錠科技股份有限公司,64411,廣錠一,2020-03-05,2020-04-28,36,54,59.3787,58.9669,57.1306,350000.0,30762299.999999996,2019-12-31,1.137756,2020-04-29,64.01233980156134,next_session_open,True,True,169,152.5326,2020-11-06,-4.6917,59.5673,
2228|22282|2020-03-09,2228,劍麟股份有限公司,22282,劍麟二,2020-03-09,2020-06-03,59,86,67.5262,66.3819,66.0154,221000.0,75780300.0,2019-12-31,0.291633,2020-06-04,77.04035047709648,next_session_open,True,False,,1.9417,2020-06-09,-32.5086,-27.5702,
2492|24921|2020-04-29,2492,華新科技股份有限公司,24921,華新科一,2020-04-29,2020-11-03,128,188,142.2412,140.5813,138.6447,1244000.0,485800000.00000006,2019-12-31,0.256072,2020-11-04,155.350215342822,next_session_open,True,False,,59.726,2021-02-23,-21.8991,-10.863,
6274|62743|2020-05-22,6274,台燿科技股份有限公司,62743,台燿三,2020-05-22,2020-06-17,18,26,112.9311,111.6807,109.4728,547000.0,264811200.0,2019-12-31,0.206562,2020-06-18,114.88493347167969,next_session_open,True,False,,1.3605,2020-06-22,-39.8477,-21.4482,
9958|99584|2020-08-11,9958,世紀鋼鐵結構股份有限公司,99584,世紀鋼四,2020-08-11,2020-08-18,5,7,89.6794,88.1344,84.6158,591000.0,209434800.0,2019-12-31,0.282188,2020-08-19,94.66256308894587,next_session_open,True,False,,38.5679,2020-10-13,-9.1451,4.7593,
9802|98025|2020-08-17,9802,鈺齊國際股份有限公司,98025,鈺齊五KY,2020-08-17,2020-08-17,0,0,92.0558,88.6457,87.0985,854000.0,174756600.0,2019-12-31,0.48868,2020-08-18,96.45846445246261,next_session_open,True,False,,17.8999,2021-04-19,-29.9362,-27.3162,
1598|15982|2020-08-24,1598,岱宇國際股份有限公司,15982,岱宇二,2020-08-24,2020-10-28,44,65,97.4378,96.1876,95.2026,244000.0,115100900.0,2019-12-31,0.211988,2020-10-29,96.98315134600479,next_session_open,True,False,,26.5625,2020-11-09,-51.3281,-45.5278,
4760|47601|2020-08-25,4760,勤凱科技股份有限公司,47601,勤凱一,2020-08-25,2021-01-07,93,135,72.3605,71.1958,70.4794,132000.0,30815400.0,2020-12-31,0.428357,2021-01-08,76.46734777761128,next_session_open,True,False,,65.2667,2021-07-27,-6.0914,-6.0914,
3092|30921|2020-09-21,3092,鴻碩精密電工股份有限公司,30921,鴻碩一,2020-09-21,2021-01-12,77,113,54.7355,53.562,51.3799,272000.0,83280999.99999999,2020-12-31,0.326605,2021-01-13,55.83574846820633,next_session_open,True,False,,36.9458,2021-03-18,-14.5156,-11.6661,
3260|32607|2020-09-28,3260,威剛科技股份有限公司,32607,威剛七,2020-09-28,2020-10-07,5,9,42.5118,41.8378,41.6561,978000.0,223794290.00000003,2019-12-31,0.437008,2020-10-08,44.904669918065274,next_session_open,True,True,202,122.597,2021-07-07,-8.0944,37.2238,
4967|49672|2020-10-07,4967,十銓科技股份有限公司,49672,十銓二,2020-10-07,2020-12-09,44,63,45.9783,43.4387,40.5666,170000.0,68257500.0,2019-12-31,0.249057,2020-12-10,47.163452783780784,next_session_open,True,True,208,102.0513,2021-07-27,-7.5641,16.2521,
5263|52633|2020-10-12,5263,智崴資訊科技股份有限公司,52633,智崴三,2020-10-12,2021-03-08,96,147,111.9671,110.0635,103.8648,125000.0,55747400.0,2020-12-31,0.224226,2021-03-09,125.43827825670499,next_session_open,True,False,,32.6848,2021-11-15,-21.7899,-8.9494,
5309|53094|2020-10-20,5309,系統電子工業股份有限公司,53094,系統電四,2020-10-20,2020-11-03,10,14,37.202,36.215,36.0171,2624000.0,151154690.0,2019-12-31,1.73597,2020-11-04,42.77134494224059,next_session_open,True,False,,23.7458,2020-12-03,-46.7113,-14.8272,
6441|64413|2020-10-26,6441,廣錠科技股份有限公司,64413,廣錠三,2020-10-26,2021-02-22,77,119,122.6601,120.5729,119.396,110000.0,38576800.0,2020-12-31,0.285145,2021-02-23,135.006103515625,next_session_open,True,False,,1.6447,2021-02-23,-75.7566,-65.8783,
3653|36533|2020-10-30,3653,健策精密工業股份有限公司,36533,健策三,2020-10-30,2020-12-08,27,39,235.119,234.4879,231.5215,378000.0,121025400.0,2019-12-31,0.312331,2020-12-09,244.88057734242958,next_session_open,True,False,,61.4958,2021-12-03,-30.5842,50.2857,
6477|64772|2020-10-30,6477,安集科技股份有限公司,64772,安集二,2020-10-30,2020-12-24,39,55,58.6943,56.888,56.5795,408000.0,94456600.0,2019-12-31,0.431944,2020-12-25,65.63314500376387,next_session_open,True,False,,3.951,2020-12-25,-57.9376,-31.8492,
3324|33244|2020-11-12,3324,雙鴻科技股份有限公司,33244,雙鴻四,2020-11-12,2020-11-12,0,0,212.8329,204.7212,199.1307,2372000.0,86449800.0,2019-12-31,2.743789,2020-11-13,231.51169836544295,next_session_open,True,False,,0.5682,2020-11-13,-48.8636,-32.7496,
3413|34132|2020-11-16,3413,京鼎精密科技股份有限公司,34132,京鼎二,2020-11-16,2020-12-03,13,17,159.7381,158.7422,153.8389,208000.0,82687500.0,2019-12-31,0.25155,2020-12-04,167.7824980446656,next_session_open,True,False,,28.5388,2021-04-08,-16.2101,10.4276,
3141|31411|2020-11-25,3141,晶宏半導體股份有限公司,31411,晶宏一,2020-11-25,2020-12-09,10,14,36.5319,36.1416,34.6057,178000.0,63917500.0,2019-12-31,0.278484,2020-12-10,40.407371520996094,next_session_open,True,True,180,550.3949,2021-11-15,-12.9545,518.4456,
2636|26364|2020-12-02,2636,台驊國際投資控股股份有限公司,26364,台驊投控四,2020-12-02,2021-04-22,89,141,41.6022,38.8884,37.2055,529000.0,127157410.0,2020-12-31,0.41602,2021-04-23,42.814141953744254,next_session_open,True,True,41,393.8462,2021-07-05,-8.9231,94.4338,
2034|20343|2020-12-15,2034,允強實業股份有限公司,20343,允強三,2020-12-15,2021-05-07,90,143,23.6515,23.427,23.0588,1994000.0,437130710.0,2020-12-31,0.456156,2021-05-10,27.17200792339486,next_session_open,True,False,,37.1015,2021-07-20,-23.1884,-6.1547,
6196|61964|2020-12-15,6196,帆宣系統科技股份有限公司,61964,帆宣四,2020-12-15,2021-12-09,240,359,132.8044,130.0447,129.1744,708000.0,187219200.0,2020-12-31,0.378166,2021-12-10,139.25783949997566,next_session_open,True,False,,18.9024,2021-12-30,-39.5608,-21.4291,
1513|15132|2020-12-17,1513,中興電工機械股份有限公司,15132,中興電二,2020-12-17,2021-03-11,51,84,42.2984,42.0627,41.0345,2162000.0,476134300.0,2020-12-31,0.454074,2021-03-12,44.37919235229492,next_session_open,True,False,,6.7765,2021-04-13,-25.0331,-12.5546,
6224|62241|2021-01-18,6224,聚鼎科技股份有限公司,62241,聚鼎一,2021-01-18,2021-02-22,18,35,103.3696,93.3708,91.1014,200000.0,80001800.0,2020-12-31,0.249994,2021-02-23,110.30038682469782,next_session_open,True,False,,48.7619,2021-07-13,-26.6477,-13.7497,
6706|67061|2021-02-03,6706,惠特科技股份有限公司,67061,惠特一,2021-02-03,2021-03-16,21,41,139.3437,136.3871,136.2586,605000.0,67177900.0,2020-12-31,0.900594,2021-03-17,148.68469045302447,next_session_open,True,False,,52.7011,2022-01-12,-25.3602,9.0722,
3484|34842|2021-02-05,3484,崧騰企業股份有限公司,34842,崧騰二,2021-02-05,2021-12-21,211,319,64.2241,63.8268,63.7335,151000.0,69736600.0,2020-12-31,0.216529,2021-12-22,68.60305425788256,next_session_open,True,False,,13.4752,2021-12-24,-49.8826,-45.1999,
5457|54572|2021-03-10,5457,宣德科技股份有限公司,54572,宣德二,2021-03-10,2021-06-25,72,107,64.4123,62.2635,60.9604,803000.0,169355000.0,2020-12-31,0.474152,2021-06-28,70.67746747205341,next_session_open,True,False,,20.1465,2021-07-13,-37.0592,-30.2886,
2610|26107|2021-04-28,2610,中華航空股份有限公司,26107,華航七,2021-04-28,2021-11-16,139,202,20.9262,18.7368,16.3281,20046000.0,5420984700.0,2020-12-31,0.369785,2021-11-17,22.549765521082385,next_session_open,True,False,,16.1818,2022-02-18,-40.424,-34.7681,
2603|26034|2021-05-18,2603,長榮海運股份有限公司,26034,長榮四,2021-05-18,2021-06-18,22,31,114.9955,106.5854,94.4551,10217000.0,4990902100.0,2020-12-31,0.204712,2021-06-21,119.28639150920667,next_session_open,True,False,,67.6259,2021-07-06,-37.2944,-19.3261,
8097|80972|2021-06-21,8097,常珵科技股份有限公司,80972,常珵二,2021-06-21,2022-06-02,233,346,71.1145,64.0121,56.2716,652000.0,39951300.0,2021-12-31,1.631987,2022-06-06,82.96687110452274,next_session_open,True,False,,3.956,2022-09-01,-51.2161,-32.7918,
3707|37073|2021-06-22,3707,漢磊先進投資控股股份有限公司,37073,漢磊三,2021-06-22,2021-07-14,16,22,88.6721,83.6574,82.1977,668000.0,312187700.0,2020-12-31,0.213974,2021-07-15,98.3279132861329,next_session_open,True,False,,73.5,2021-11-02,-19.2839,-6.4969,
6175|61754|2021-07-15,6175,立敦科技(股)有限公司,61754,立敦四,2021-07-15,2021-07-20,3,5,39.754,39.6438,36.0237,389000.0,136363500.0,2020-12-31,0.285267,2021-07-21,42.50320130870249,next_session_open,True,False,,14.3954,2021-08-05,-42.9189,-33.4709,
6548|65481|2021-07-19,6548,長華科技股份有限公司,65481,長科一,2021-07-19,2021-07-22,3,3,32.1402,31.7497,28.9765,101000.0,36413100.0,2020-12-31,0.277373,2021-07-23,33.58965510286508,next_session_open,True,False,,13.7931,2021-09-01,-30.6929,-18.1468,
3042|30425|2021-07-26,3042,台灣晶技股份有限公司,30425,晶技五,2021-07-26,2022-03-24,161,241,77.7157,76.0688,74.8735,643000.0,309757000.0,2021-12-31,0.207582,2022-03-25,78.93001720952053,next_session_open,True,False,,0.4808,2022-03-25,-26.7443,-7.5657,
6182|61827|2021-07-27,6182,合晶科技股份有限公司,61827,合晶七,2021-07-27,2021-07-27,0,0,61.4654,59.9399,58.0196,1107000.0,510898410.0,2020-12-31,0.216677,2021-07-28,63.06190469233883,next_session_open,True,False,,28.7918,2021-12-08,-37.8346,-30.4439,
2338|23383|2021-08-03,2338,台灣光罩股份有限公司,23383,光罩三,2021-08-03,2021-11-09,67,98,84.628,80.3837,76.2455,677000.0,252713590.0,2020-12-31,0.267892,2021-11-10,85.90132617248042,next_session_open,True,False,,25.6713,2021-12-07,-44.9541,-27.2667,
6477|64773|2021-08-04,6477,安集科技股份有限公司,64773,安集三,2021-08-04,2021-10-14,48,71,32.6613,32.034,31.1665,992000.0,107449000.0,2020-12-31,0.923229,2021-10-15,38.3199748985035,next_session_open,True,False,,60.3345,2022-04-13,-7.7658,4.9067,
3533|35331|2021-08-19,3533,嘉澤端子工業股份有限公司,35331,嘉澤一,2021-08-19,2021-09-09,15,21,488.1886,483.4428,471.4079,448000.0,103477900.0,2020-12-31,0.432943,2021-09-10,530.0947350585096,next_session_open,True,False,,43.5811,2022-05-20,-13.1757,29.8657,
6217|62174|2021-08-27,6217,中國探針股份有限公司,62174,中探針四,2021-08-27,2021-09-09,9,13,40.4658,39.2284,37.0885,235000.0,65516400.00000001,2020-12-31,0.358689,2021-09-10,42.13339176737643,next_session_open,True,False,,49.7527,2022-08-01,-9.0526,12.2,
2618|26185|2021-09-01,2618,長榮航空股份有限公司,26185,長榮航五,2021-09-01,2021-11-16,51,76,21.9621,20.1387,17.7581,11018000.0,4853569500.0,2020-12-31,0.227008,2021-11-17,23.109337986867306,next_session_open,True,False,,33.3333,2022-04-14,-17.7434,-6.1733,
3483|34833|2021-09-29,3483,力致科技股份有限公司,34833,力致三,2021-09-29,2021-11-18,35,50,61.4034,59.4171,57.9469,698000.0,70686200.0,2020-12-31,0.987463,2021-11-19,70.77188620725643,next_session_open,True,False,,19.337,2021-12-06,-52.1547,-40.5525,
4739|47393|2021-10-28,4739,康普材料科技股份有限公司,47393,康普三,2021-10-28,2022-02-09,66,104,124.5122,122.135,121.978,306000.0,107029299.99999999,2021-12-31,0.285903,2022-02-10,130.52252268524757,next_session_open,True,False,,15.8075,2022-03-24,-42.3995,-27.8234,
6414|64144|2021-11-16,6414,樺漢科技股份有限公司,64144,樺漢四,2021-11-16,2021-11-29,9,13,181.7584,179.4649,179.3011,380000.0,93272000.0,2020-12-31,0.407411,2021-11-30,196.5841071898565,next_session_open,True,False,,15.8372,2022-01-05,-22.3872,-10.6803,
2731|27312|2021-12-09,2731,雄獅旅行社股份有限公司,27312,雄獅二,2021-12-09,2022-05-09,95,151,81.2175,79.6756,79.4777,350000.0,75286200.0,2021-12-31,0.464893,2022-05-10,83.2788959265448,next_session_open,True,False,,93.3466,2023-04-17,-26.7327,79.2484,
8299|82991|2021-12-17,8299,群聯電子股份有限公司,82991,群聯一,2021-12-17,2022-02-10,31,55,391.1859,386.6881,386.0155,490000.0,197074000.0,2021-12-31,0.248638,2022-02-11,419.9385402757294,next_session_open,True,False,,9.1091,2022-02-21,-48.1092,-23.8967,
3526|35265|2022-02-14,3526,凡甲科技股份有限公司,35265,凡甲五,2022-02-14,2022-03-21,24,35,140.3678,139.1993,137.6291,125000.0,58507710.0,2021-12-31,0.213647,2022-03-22,144.60369320970085,next_session_open,True,False,,5.5556,2022-03-30,-42.0438,-21.6367,
3346|33464|2022-02-17,3346,麗清科技股份有限公司,33464,麗清四,2022-02-17,2022-08-11,120,175,28.6784,28.3247,27.9554,422000.0,96637799.99999999,2021-12-31,0.436682,2022-08-12,32.32248505459012,next_session_open,True,False,,61.8173,2023-07-10,-21.0613,34.3787,
6187|61874|2022-02-22,6187,萬潤科技股份有限公司,61874,萬潤四,2022-02-22,2022-02-22,0,0,118.0052,116.6653,113.0697,168000.0,83323900.0,2021-12-31,0.201623,2022-02-23,117.91586834451427,next_session_open,True,False,,18.5606,2022-03-03,-56.8642,-42.8069,
6282|62821|2022-02-23,6282,康舒科技股份有限公司,62821,康舒一,2022-02-23,2023-02-02,230,344,31.6048,29.3204,28.5459,6039000.0,526291290.0,2022-12-31,1.147463,2023-02-03,35.20833969116211,next_session_open,True,False,,63.7543,2023-07-18,-8.094,13.8024,
3707|37074|2022-04-07,3707,漢磊科技股份有限公司,37074,漢磊四,2022-04-07,2022-05-25,33,48,117.3758,115.111,111.5414,1118000.0,330666400.0,2021-12-31,0.338105,2022-05-26,121.11760127494524,next_session_open,True,False,,10.5691,2022-06-08,-40.0887,-37.1503,
2383|23835|2022-04-25,2383,台光電子材料股份有限公司,23835,台光電五,2022-04-25,2022-05-24,20,29,202.0704,198.1003,197.4089,985000.0,332918300.0,2021-12-31,0.295868,2022-05-25,200.73215518377523,next_session_open,True,False,,8.2222,2022-06-08,-39.621,-3.771,
3548|35481|2022-04-28,3548,兆利科技工業股份有限公司,35481,兆利一,2022-04-28,2023-05-12,252,379,64.2441,62.9949,62.5399,126000.0,60121399.99999999,2022-12-31,0.209576,2023-05-15,69.2408965584595,next_session_open,True,True,141,304.6852,2024-03-08,-13.2732,182.8083,
5388|53886|2022-05-17,5388,中磊電子股份有限公司,53886,中磊六,2022-05-17,2022-07-14,41,58,73.7882,69.9897,69.8264,770000.0,252389799.99999997,2021-12-31,0.305084,2022-07-15,77.77585915029994,next_session_open,True,False,,40.9818,2023-07-13,-18.674,35.7602,
3033|30336|2022-06-01,3033,威健實業股份有限公司,30336,威健六,2022-06-01,2023-06-08,248,372,26.3201,25.7149,25.2376,1164000.0,423543200.0,2022-12-31,0.274824,2023-06-09,27.17306119179462,next_session_open,True,False,,34.8639,2024-05-30,-12.0095,25.8182,
6570|65701|2022-06-06,6570,維田科技股份有限公司,65701,維田一,2022-06-06,2023-05-16,229,344,57.8174,56.4521,55.1893,81000.0,36289800.0,2022-12-31,0.223203,2023-05-17,57.16888148958705,next_session_open,True,False,,15.466,2023-07-18,-22.6014,-15.3355,
6285|62853|2022-06-27,6285,啟碁科技股份有限公司,62853,啟碁三,2022-06-27,2022-08-10,32,44,68.5119,65.9639,63.905,1271000.0,396558510.0,2021-12-31,0.320508,2022-08-11,71.54884226178848,next_session_open,True,False,,55.5025,2023-07-18,-7.4341,48.6329,
3680|36803|2022-07-07,3680,家登精密工業股份有限公司,36803,家登三,2022-07-07,2022-07-22,11,15,191.9366,180.5118,180.0777,200000.0,84097300.0,2021-12-31,0.23782,2022-07-25,191.93662113989856,next_session_open,True,True,323,114.0285,2023-06-27,-5.7143,76.6894,
2497|24972|2022-07-07,2497,怡利電子工業股份有限公司,24972,怡利電二,2022-07-07,2022-08-24,34,48,71.1048,69.2921,67.3591,693000.0,118798500.0,2021-12-31,0.583341,2022-08-25,74.45291576342626,next_session_open,True,False,,15.9006,2022-09-15,-25.8385,-23.3294,
8938|89383|2022-07-20,8938,明安國際企業股份有限公司,89383,明安三,2022-07-20,2022-08-30,29,41,75.9055,74.7888,72.2722,296000.0,135312700.0,2021-12-31,0.218753,2022-08-31,82.159177507673,next_session_open,True,False,,15.534,2023-03-06,-25.7106,-19.6699,
6477|64774|2022-07-21,6477,安集科技股份有限公司,64774,安集四,2022-07-21,2022-07-28,5,7,49.8335,48.8331,48.6687,485000.0,114537599.99999999,2021-12-31,0.423442,2022-07-29,51.408116939860356,next_session_open,True,False,,9.7297,2022-08-30,-27.5676,-13.9935,
4968|49681|2022-07-29,4968,立積電子股份有限公司,49681,立積一,2022-07-29,2022-11-11,73,105,101.7189,99.5399,94.9698,224000.0,88468900.0,2021-12-31,0.253196,2022-11-14,105.09344287628822,next_session_open,True,False,,82.1101,2023-06-12,-1.3761,23.8532,
5009|50096|2022-08-15,5009,榮剛材料科技股份有限公司,50096,榮剛六,2022-08-15,2022-09-26,29,42,23.756,23.5794,23.2919,1402000.0,456736000.0,2021-12-31,0.306961,2022-09-27,24.273522401435287,next_session_open,True,True,197,115.2063,2023-07-05,-7.6142,59.4644,
6104|61041|2022-08-26,6104,創惟科技股份有限公司,61041,創惟一,2022-08-26,2023-02-09,108,167,104.4019,98.5293,92.2813,374000.0,90279210.00000001,2022-12-31,0.41427,2023-02-10,106.36837635869566,next_session_open,True,False,,18.2402,2023-11-30,-21.0875,-7.4642,
2231|22313|2022-08-29,2231,為升電裝工業股份有限公司,22313,為升三,2022-08-29,2022-09-23,18,25,138.879,138.4347,136.112,318000.0,121916700.0,2021-12-31,0.260834,2022-09-26,138.15192157685874,next_session_open,True,False,,23.5088,2023-04-12,-17.6608,-3.9261,
6472|64722|2022-09-28,6472,保瑞藥業股份有限公司,64722,保瑞二,2022-09-28,2022-11-08,28,41,191.5272,181.3513,178.8765,273000.0,68478300.0,2021-12-31,0.398666,2022-11-09,198.90541515375108,next_session_open,True,True,134,221.4358,2023-07-25,-1.8547,159.8316,
6248|62484|2022-10-26,6248,沛波鋼鐵股份有限公司,62484,沛波四,2022-10-26,2023-04-13,107,169,25.8117,23.8227,22.6841,179000.0,60711499.99999999,2022-12-31,0.294837,2023-04-14,29.73202428567139,next_session_open,True,False,,3.6871,2024-04-12,-26.5059,3.2452,
8050|80506|2022-11-22,8050,廣積科技股份有限公司,80506,廣積六,2022-11-22,2022-12-05,9,13,63.771,63.2389,62.3942,448000.0,177099790.0,2021-12-31,0.252965,2022-12-06,66.55835042452576,next_session_open,True,False,,50.9507,2023-09-08,-10.2792,13.2466,
8422|84221|2022-11-22,8422,可寧衛股份有限公司,84221,可寧衛一,2022-11-22,2023-06-16,133,206,17.1337,17.06,16.9454,400000.0,108888000.0,2022-12-31,0.36735,2023-06-19,17.24021827577952,next_session_open,True,False,,3.0879,2023-06-27,-14.1798,-4.4502,
3533|35332|2023-03-09,3533,嘉澤端子工業股份有限公司,35332,嘉澤二,2023-03-09,2023-08-18,109,162,720.6771,707.211,701.1359,325000.0,107829800.0,2022-12-31,0.301401,2023-08-21,751.6206103393858,next_session_open,True,True,232,124.2694,2024-06-20,-0.7624,95.6798,
2727|27271|2023-03-29,2727,王品餐飲股份有限公司,27271,王品一,2023-03-29,2023-05-04,22,36,251.1754,248.2538,243.6741,191000.0,76987900.0,2022-12-31,0.248091,2023-05-05,257.41327958918663,next_session_open,True,False,,14.7239,2023-06-08,-25.8677,-15.7665,
6438|64382|2023-05-05,6438,迅得機械股份有限公司,64382,迅得二,2023-05-05,2024-03-27,218,327,111.8949,109.2724,107.8001,331000.0,75281700.0,2023-12-31,0.439682,2024-03-28,114.10336567443095,next_session_open,True,True,315,107.9586,2025-02-07,-19.6116,59.3635,
2421|24213|2023-05-24,2421,建準電機工業股份有限公司,24213,建準三,2023-05-24,2023-05-26,2,2,67.8188,63.5934,58.6357,4045000.0,250929700.0,2022-12-31,1.612005,2023-05-29,77.45175911585167,next_session_open,True,False,,82.6188,2023-08-22,-4.8975,35.9431,
4129|41294|2023-05-30,4129,聯合骨科器材股份有限公司,41294,聯合四,2023-05-30,2023-06-02,3,3,59.488,57.4089,55.872,740000.0,78131600.0,2022-12-31,0.94712,2023-06-05,66.85459520262,next_session_open,True,False,,52.0286,2024-03-14,-14.1729,34.1998,
6282|62822|2023-06-13,6282,康舒科技股份有限公司,62822,康舒二,2023-06-13,2023-11-21,109,161,38.159,37.8005,37.7254,3778000.0,526291290.0,2022-12-31,0.717853,2023-11-22,40.116376045522344,next_session_open,True,False,,10.7488,2023-11-23,-30.4348,-15.7031,
3617|36172|2023-06-16,3617,碩天科技股份有限公司,36172,碩天二,2023-06-16,2023-08-11,37,56,199.2115,197.4581,194.3574,183000.0,83305200.0,2022-12-31,0.219674,2023-08-14,209.1336320243239,next_session_open,True,False,,39.9086,2024-07-03,-19.7389,23.2941,
3587|35871|2023-06-20,3587,閎康科技股份有限公司,35871,閎康一,2023-06-20,2023-07-17,17,27,220.7095,215.679,207.077,279000.0,62313200.0,2022-12-31,0.447738,2023-07-18,225.69474369495555,next_session_open,True,False,,31.7269,2023-08-30,-20.0803,17.0522,
5608|56086|2023-06-21,5608,四維航業股份有限公司,56086,四維航六,2023-06-21,2024-05-14,216,328,20.85,20.27,19.5075,3100000.0,389271600.0,2023-12-31,0.796359,2024-05-15,22.950000762939453,next_session_open,True,False,,9.1503,2024-06-06,-40.5229,-24.6187,
5434|54342|2023-06-29,5434,崇越科技股份有限公司,54342,崇越二,2023-06-29,2024-04-18,195,294,234.6485,230.8698,216.6305,681000.0,188699600.0,2023-12-31,0.360891,2024-04-19,240.54695093908975,next_session_open,True,False,,30.601,2024-10-24,-18.2999,-4.9813,
9958|99585|2023-07-19,9958,世紀鋼鐵結構股份有限公司,99585,世紀鋼五,2023-07-19,2023-12-05,95,139,163.8235,162.8105,159.7955,955000.0,232396399.99999997,2022-12-31,0.410936,2023-12-06,176.55892893473307,next_session_open,True,True,191,104.0984,2024-06-18,-8.7432,0.3046,
5009|50097|2023-07-31,5009,榮剛材料科技股份有限公司,50097,榮剛七,2023-07-31,2023-12-01,85,123,41.1397,40.7971,39.9558,1003000.0,457122400.0,2022-12-31,0.219416,2023-12-04,42.68970365481441,next_session_open,True,False,,18.3551,2024-05-02,-8.8265,1.2183,
6472|64723|2023-08-04,6472,保瑞藥業股份有限公司,64723,保瑞三,2023-08-04,2024-01-17,114,166,536.1696,530.8482,524.4383,290000.0,101420000.0,2023-12-31,0.28594,2024-01-18,557.9389088358923,next_session_open,True,False,,40.8959,2024-07-16,-11.5607,14.7646,
8255|82551|2023-08-09,8255,朋程科技股份有限公司,82551,朋程一,2023-08-09,2023-12-29,99,142,170.5307,168.6328,166.0869,296000.0,91447010.0,2022-12-31,0.323685,2024-01-02,173.12287712097168,next_session_open,True,False,,24.8663,2024-06-25,-20.0794,-8.8577,
6414|64145|2023-08-16,6414,樺漢科技股份有限公司,64145,樺漢五,2023-08-16,2023-09-08,17,23,240.3865,236.3771,234.9516,759000.0,106037000.0,2022-12-31,0.715788,2023-09-11,246.35613280238368,next_session_open,True,False,,35.2622,2024-04-01,-11.2116,5.3486,
1514|15141|2023-08-17,1514,亞力電機股份有限公司,15141,亞力一,2023-08-17,2023-11-24,68,99,52.5867,52.344,50.8203,797000.0,239743000.0,2022-12-31,0.332439,2023-11-27,57.869611078891616,next_session_open,True,True,134,196.7742,2024-04-15,-1.2903,90.0042,
3088|30882|2023-08-28,3088,艾訊股份有限公司,30882,艾訊二,2023-08-28,2024-09-04,249,373,86.1487,84.9873,83.0121,235000.0,101618500.0,2023-12-31,0.231257,2024-09-05,87.10057588057084,next_session_open,True,False,,71.0383,2025-02-07,-9.7595,-2.6413,
6873|68731|2023-09-28,6873,泓德能源科技股份有限公司,68731,泓德能源一創,2023-09-28,2024-10-01,244,369,233.3631,231.4874,217.6748,245000.0,100000000.0,2023-12-31,0.245,2024-10-04,231.0610434649422,next_session_open,True,False,,2.3149,2025-06-18,-48.4985,-47.6329,
3680|36804|2023-10-18,3680,家登精密工業股份有限公司,36804,家登四,2023-10-18,2023-11-23,26,36,360.214,356.0497,347.8157,342000.0,84249400.0,2022-12-31,0.405938,2023-11-24,367.2176290566865,next_session_open,True,False,,59.9944,2024-10-08,-8.9457,33.1973,
6585|65851|2023-10-26,6585,鼎基先進材料股份有限公司,65851,鼎基一,2023-10-26,2023-12-29,46,64,115.6107,114.2798,112.594,200000.0,69243000.0,2022-12-31,0.288838,2024-01-02,120.66809309774371,next_session_open,True,False,,74.6323,2024-05-16,-11.7647,9.0474,
3006|30061|2023-10-27,3006,晶豪科技股份有限公司,30061,晶豪科一,2023-10-27,2023-11-14,12,18,89.4382,89.1666,88.1435,700000.0,286156990.0,2022-12-31,0.244621,2023-11-15,93.58910170255838,next_session_open,True,False,,12.9534,2023-12-28,-31.2055,-30.3716,
6189|61894|2023-11-10,6189,豐藝電子股份有限公司,61894,豐藝四,2023-11-10,2024-07-01,153,234,67.1161,66.686,65.722,2001000.0,212431400.0,2023-12-31,0.941951,2024-07-02,72.03297097006468,next_session_open,True,False,,12.9353,2024-07-05,-44.0833,-19.22,
3013|30133|2023-11-16,3013,晟銘電子科技股份有限公司,30133,晟銘電三,2023-11-16,2024-05-31,129,197,89.3185,88.2121,83.0952,785000.0,195935010.0,2023-12-31,0.400643,2024-06-03,92.16341472518621,next_session_open,True,False,,89.2734,2024-11-13,-18.1608,2.4873,
9941|99412|2023-11-20,9941,裕融企業股份有限公司,99412,裕融二,2023-11-20,2024-06-19,139,212,139.914,136.1149,132.5122,1455000.0,548225100.0,2023-12-31,0.265402,2024-06-20,142.79617397369117,next_session_open,True,False,,0.6116,2024-06-21,-41.9913,-35.6167,
6806|68061|2023-11-22,6806,森崴能源股份有限公司,68061,森崴能源一,2023-11-22,2024-02-16,54,86,107.8634,107.5724,105.7537,919000.0,216149999.99999997,2023-12-31,0.425168,2024-02-19,115.91440764515988,next_session_open,True,False,,60.6694,2024-07-12,-11.6665,-1.9456,
4566|45663|2023-11-27,4566,時碩工業股份有限公司,45663,時碩工業三,2023-11-27,2024-06-04,124,190,67.2895,60.6202,55.2959,602000.0,91041399.99999999,2023-12-31,0.661238,2024-06-05,75.54672077850383,next_session_open,True,False,,46.4968,2024-07-22,-36.8153,-24.7826,
2368|23682|2023-12-05,2368,金像電子股份有限公司,23682,金像電二,2023-12-05,2024-01-30,39,56,212.5423,207.2478,202.9073,1232000.0,491839100.0,2023-12-31,0.250488,2024-01-31,221.795739253015,next_session_open,True,False,,22.1505,2024-02-19,-25.1482,-2.3863,
8996|89964|2023-12-06,8996,高力熱處理工業股份有限公司,89964,高力四,2023-12-06,2023-12-07,1,1,246.5529,245.4881,236.7517,254000.0,89384100.00000001,2022-12-31,0.284167,2023-12-08,255.55538989651586,next_session_open,True,True,171,105.8557,2024-05-27,-20.8333,31.4869,
5388|53887|2023-12-06,5388,中磊電子股份有限公司,53887,中磊七,2023-12-06,2023-12-14,6,8,118.3135,115.7866,113.0792,666000.0,258795800.0,2022-12-31,0.257346,2023-12-15,127.69914209407611,next_session_open,True,False,,7.0671,2024-03-25,-31.5454,-18.0009,
3548|35482|2024-01-08,3548,兆利科技工業股份有限公司,35482,兆利二,2024-01-08,2024-01-17,7,9,201.4138,189.8512,187.9629,183000.0,66091400.0,2023-12-31,0.276889,2024-01-18,204.67749848105387,next_session_open,True,False,,36.902,2024-03-08,-38.4321,-25.5567,
8210|82101|2024-01-19,8210,勤誠興業股份有限公司,82101,勤誠一,2024-01-19,2024-04-19,55,91,251.3948,250.9158,249.5985,458000.0,120594489.99999999,2023-12-31,0.379785,2024-04-22,262.0293025894469,next_session_open,True,False,,27.0567,2024-05-28,-30.4359,-18.5319,
3479|34793|2024-01-22,3479,安勤科技股份有限公司,34793,安勤三,2024-01-22,2024-03-26,38,64,107.0768,104.944,102.9417,388000.0,72368210.0,2023-12-31,0.536147,2024-03-27,111.42951064222441,next_session_open,True,False,,3.125,2024-03-27,-31.8735,-3.6179,
8299|82992|2024-01-23,8299,群聯電子股份有限公司,82992,群聯二,2024-01-23,2024-02-22,15,30,524.1411,510.7182,498.6376,626000.0,204769000.0,2023-12-31,0.30571,2024-02-23,566.5390100990853,next_session_open,True,False,,28.268,2024-04-12,-33.2068,-8.9871,
6139|61394|2024-01-25,6139,亞翔工程股份有限公司,61394,亞翔四,2024-01-25,2024-03-21,32,56,166.8237,163.9042,161.3324,2308000.0,225540910.0,2023-12-31,1.023318,2024-03-22,182.57922775084714,next_session_open,True,False,,85.7868,2024-04-12,-2.7919,37.5943,
6274|62744|2024-05-06,6274,台燿科技股份有限公司,62744,台燿四,2024-05-06,2024-09-03,83,120,162.4904,157.2884,153.8835,962000.0,271222300.0,2023-12-31,0.354691,2024-09-04,158.89632185750932,next_session_open,True,True,345,132.5694,2025-08-29,-30.9524,91.9868,
3483|34834|2024-05-22,3483,力致科技股份有限公司,34834,力致四,2024-05-22,2024-08-27,66,97,142.1041,139.5319,132.5543,239000.0,82928500.0,2023-12-31,0.2882,2024-08-28,148.42924229279674,next_session_open,True,False,,3.9773,2024-09-27,-48.0682,-26.1364,
8112|811210|2024-05-24,8112,至上電子股份有限公司,811210,至上十,2024-05-24,2024-06-07,10,14,70.891,70.6013,70.5842,4040000.0,514001309.99999994,2023-12-31,0.78599,2024-06-11,72.6802852586422,next_session_open,True,False,,3.8392,2024-07-05,-48.7587,-36.3646,
6515|65151|2024-05-31,6515,穎崴科技股份有限公司,65151,穎崴一,2024-05-31,2024-06-13,8,13,886.9997,870.8036,861.9782,73000.0,34779600.0,2023-12-31,0.209893,2024-06-14,969.8224662554146,next_session_open,True,False,,53.7273,2025-03-06,-29.508,15.8011,
6546|65461|2024-06-05,6546,正基科技股份有限公司,65461,正基一,2024-06-05,2024-06-05,0,0,138.6631,138.0275,134.7811,1100000.0,66226900.00000001,2023-12-31,1.660956,2024-06-06,155.7349535209135,next_session_open,True,False,,46.0117,2024-09-25,-55.1833,-46.7206,
3583|35831|2024-06-07,3583,辛耘企業股份有限公司,35831,辛耘一,2024-06-07,2024-07-01,15,24,349.3449,346.5694,339.4224,580000.0,80328000.0,2023-12-31,0.72204,2024-07-02,388.4978808327015,next_session_open,True,False,,33.418,2024-10-08,-48.5388,-10.0381,
1560|15601|2024-06-24,1560,中國砂輪企業股份有限公司,15601,中砂一,2024-06-24,2024-06-27,3,3,305.2903,297.5652,288.4466,625000.0,144943500.0,2023-12-31,0.431203,2024-06-28,323.1853312980838,next_session_open,True,False,,21.7967,2024-10-18,-49.5064,-3.1441,
6187|61875|2024-07-10,6187,萬潤科技股份有限公司,61875,萬潤五,2024-07-10,2024-08-13,22,34,271.5333,264.0232,261.019,255500.0,83324800.0,2023-12-31,0.306631,2024-08-14,301.37858417217547,next_session_open,True,False,,79.9353,2024-10-09,-34.9515,19.9488,
2439|24394|2024-07-10,2439,美律實業股份有限公司,24394,美律四,2024-07-10,2024-08-19,26,40,119.5418,113.9056,113.8147,985000.0,219344400.0,2023-12-31,0.449065,2024-08-20,129.08696166992186,next_session_open,True,False,,1.6964,2024-08-30,-32.953,-13.9212,
3324|33245|2024-07-31,3324,雙鴻科技股份有限公司,33245,雙鴻五,2024-07-31,2024-09-26,40,57,636.2461,618.5077,594.0442,703826.0,89499000.0,2023-12-31,0.786407,2024-09-27,691.9956681773089,next_session_open,True,False,,35.7278,2025-09-23,-44.3662,16.4401,
6269|62695|2024-08-02,6269,台郡科技股份有限公司,62695,台郡五,2024-08-02,2025-07-25,237,357,64.58,64.19,62.335,921000.0,323201000.00000006,2024-12-31,0.284962,2025-07-28,67.9000015258789,next_session_open,False,,,35.1988,2026-06-23,-28.1296,,-11.6348
1536|15364|2024-08-12,1536,和大工業股份有限公司,15364,和大四,2024-08-12,2025-08-05,237,358,57.6,57.19,55.88,931000.0,279517500.0,2024-12-31,0.333074,2025-08-06,61.400001525878906,next_session_open,False,,,25.57,2025-08-29,-24.1857,,-13.355
6830|68301|2024-08-15,6830,汎銓科技股份有限公司,68301,汎銓一,2024-08-15,2024-10-11,37,57,182.1518,180.6669,173.1184,386000.0,46781200.0,2023-12-31,0.825118,2024-10-14,202.9408420928537,next_session_open,True,False,,13.4146,2024-10-15,-51.9024,-20.7864,
3376|33763|2024-08-23,3376,新日興股份有限公司,33763,新日興三,2024-08-23,2024-11-20,58,89,180.7583,176.6191,175.2557,1006000.0,187748300.0,2023-12-31,0.535824,2024-11-21,183.0956517779638,next_session_open,True,False,,60.9043,2025-02-24,-13.8298,-3.0561,
3491|34912|2024-08-28,3491,昇達科技股份有限公司,34912,昇達科二,2024-08-28,2024-08-28,0,0,323.7576,323.1684,307.0149,332000.0,62931300.0,2023-12-31,0.527559,2024-08-29,331.41698403791946,next_session_open,True,False,,47.2593,2025-03-21,-18.3704,19.4869,
3033|30337|2024-09-11,3033,威健實業股份有限公司,30337,威健七,2024-09-11,2024-12-02,53,82,32.9582,32.7088,32.6923,1184000.0,428071500.0,2023-12-31,0.276589,2024-12-03,33.69224028544409,next_session_open,True,False,,4.4693,2025-03-12,-21.9274,-10.6619,
2383|23836|2024-09-25,2383,台光電子材料股份有限公司,23836,台光電六,2024-09-25,2024-11-21,37,57,439.3361,434.4009,428.0838,1134000.0,343179300.00000006,2023-12-31,0.33044,2024-11-22,470.82304869845694,next_session_open,True,True,224,223.9009,2025-11-04,-14.6751,178.2362,
6182|61828|2024-09-27,6182,合晶科技股份有限公司,61828,合晶八,2024-09-27,2024-11-07,25,41,30.31,30.145,30.13,1373924.0,541883710.0,2023-12-31,0.253546,2024-11-08,31.549999237060547,next_session_open,True,False,,18.225,2025-10-22,-49.7623,-8.8748,
6197|61973|2024-10-15,6197,佳必琪國際股份有限公司,61973,佳必琪三,2024-10-15,2025-05-15,139,212,128.8315,125.8801,119.2511,281000.0,122085900.00000001,2024-12-31,0.230166,2025-05-16,133.51625456226816,next_session_open,True,False,,90.1247,2026-05-06,-6.7728,60.3948,
3013|30134|2024-10-18,3013,晟銘電子科技股份有限公司,30134,晟銘電四,2024-10-18,2024-10-18,0,0,147.0853,136.7279,132.0943,1407000.0,195935010.0,2023-12-31,0.718095,2024-10-21,159.57371936266935,next_session_open,True,False,,9.3168,2024-11-13,-52.7329,-20.1088,
9958|99587|2024-10-28,9958,世紀鋼鐵結構股份有限公司,99587,世紀鋼七,2024-10-28,2025-06-05,144,220,185.5113,178.7601,177.4148,940000.0,256896700.0,2024-12-31,0.365906,2025-06-06,204.4929437439106,next_session_open,True,False,,18.4211,2025-07-04,-50.854,-40.8293,
6584|65841|2024-10-29,6584,南俊國際股份有限公司,65841,南俊國際一,2024-10-29,2025-06-09,145,223,144.8252,135.3823,135.3326,497000.0,65955199.99999999,2024-12-31,0.753542,2025-06-10,163.5123379216718,next_session_open,True,True,154,422.8963,2026-04-22,-0.304,267.5564,
6442|64421|2024-11-11,6442,光紅建聖股份有限公司,64421,光聖一,2024-11-11,2024-11-25,10,14,503.0174,500.7613,497.0338,192000.0,66300000.00000001,2023-12-31,0.289593,2024-11-26,519.8893010897899,next_session_open,True,True,352,161.5942,2025-11-26,-44.717,152.9385,
3702|37022|2024-11-11,3702,大聯大控股股份有限公司,37022,大聯大二,2024-11-11,2025-03-03,71,112,67.0781,66.8678,66.6432,6292000.0,1679056800.0000002,2024-12-31,0.374734,2025-03-04,64.13425255742251,next_session_open,True,False,,11.4754,2025-07-03,-22.3547,5.248,
4979|49793|2024-12-09,4979,華星光通科技股份有限公司,49793,華星光三,2024-12-09,2025-01-07,20,29,194.0552,184.9296,178.9609,378000.0,140839800.0,2024-12-31,0.26839,2025-01-08,197.31087317833533,next_session_open,True,False,,69.4145,2026-01-02,-39.25,55.8008,
8096|80962|2026-07-02,8096,擎亞電子股份有限公司,80962,擎亞二,2026-07-02,2026-07-08,4,6,160.4,155.45,149.175,330000.0,149343110.0,2025-12-31,0.220968,2026-07-09,169.5,next_session_open,False,,,4.4248,2026-07-09,-15.6342,,-7.0796
